step,t_s,wall_s,dt,V0,Vt,M,nreg_used,nslab_n,nf3_col,runs,ncomp_min,ncomp_max,ncompbig_max,vols,ths,f3_pairs,f3_pairs_pos,nf3,f3_area_m2,f3_area_stair,f3_pos_m,f3_pos_dx,nf2,f2_area_m2,nf1,f1_area_m2,f1_area_stair,f3_std_m,n_lath,w_lath,a_lath,box_touch,finite,psi_mean,cfl_used,nslab_n1,runs1,nf3_col1,r_col_nm,col_cover_min,nslab_nu,nslab_nu1,E_el_J,nblk_sig,blk_laths,blk_vars,n_var_sig,n_habit,f_var,r_selfac,blk_nlath,blk_span_nm,blk_alen_nm,blk_wlen_nm,blk_nprof,blk_nruns,box_touch_core,core_vox,ncomp_all,dG_max_Jm3,dG_p999,dG_ratio,dG_near_max,ed_tip,ed_side,ed_wide,dG_tip,dG_side,dG_wide,ed_obl,dG_obl,n_obl,dG_tip_p90,dG_side_p90,dG_tip_max,dG_side_max,ed_tip_p90,ed_side_p90,v_tip_nsgn,v_tip_nabs,v_side_nsgn,v_side_nabs,v_wide_nabs,v_obl_nabs,v_tip_f1,v_side_f1,v_wide_f1,f1_tip,f1_side,f1_wide,n_tip,n_side,n_wide,tip_sep_nm,side_sep_nm,wide_sep_nm
0,0.0,13.09,7.638473182236092e-08,9.997504882812504e-16,2.495117187500001e-19,48,1,1,0,1,0,1,1,0.249512/0/0/0/0/0/0/0/0/0/0/0/0/0/0/0/0/0/0/0/0/0/0/0/0/0/0/0/0/0/0/0/0/0/0/0/0/0/0/0/0/0/0/0/0/0/0/0,507.199/0/0/0/0/0/0/0/0/0/0/0/0/0/0/0/0/0/0/0/0/0/0/0/0/0/0/0/0/0/0/0/0/0/0/0/0/0/0/0/0/0/0/0/0/0/0/0,,,0,0.0,0.0,nan,nan,0,0.0,940,1.95694010763834e-12,3.671875000000001e-12,nan,5.071986094432832e-07,4.4194173824159365e-07,1.0429536464041031e-06,0,1,nan,nan,1,1,0,597.6,1.0,1,1,0.0,1,1,1,1,1,1/0/0/0/0/0/0/0/0/0/0/0,1.0,1,507,1043,442,1,1,0,1022,1,nan,nan,nan,-1,,,,,,,,,,,,,,,,,,,,,,,,,,,,0,0,0,1075.7,530.3,559.6
20,-0.0,295.67,7.638473182236092e-08,9.992619628906254e-16,7.380371093750004e-19,48,4,4,3,3/1/2/4,0,3,1,0.217529/0.17334/0.172852/0.174316/0/0/0/0/0/0/0/0/0/0/0/0/0/0/0/0/0/0/0/0/0/0/0/0/0/0/0/0/0/0/0/0/0/0/0/0/0/0/0/0/0/0/0/0,507.195/250.321/248.877/248.877/0/0/0/0/0/0/0/0/0/0/0/0/0/0/0/0/0/0/0/0/0/0/0/0/0/0/0/0/0/0/0/0/0/0/0/0/0/0/0/0/0/0/0/0,,,680,1.5946186988959271e-12,2.656250000000001e-12,-3.6620402635241193e-06,0.0,0,0.0,2286,4.839764145318227e-12,8.929687500000004e-12,3.1432718553209275e-07,2.4959920424501083e-07,6.187184335382305e-07,1.2076321318159713e-06,0,1,nan,0.404430285622021,4,3/1/2/4,3,748.6,1.0,,,1.6140833107776854e-10,,,,,,,,,,,,,,0,3021,3,330915514.76753026,132761805.83761254,2.492550569644173,4,-314438077.205064,-413113958.251151,-413206417.502269,-139174614.311003,-279505407.037945,-814145.093875,-375159761.334472,-155473150.266044,879,-351527.388896,-146732685.110281,-142495.018753,558085.08036,-214515368.499732,-292039101.373912,-7.6761,7.6761,-1.8713,1.8717,0.0106,0.9289,9.9093,2.0031,0.0327,0.7742,0.9336,0.3232,155,422,1578,,,
40,-0.0,531.41,7.638473182236092e-08,9.993271484375004e-16,6.728515625000003e-19,48,4,4,3,3/1/2/4,0,1,1,0.196533/0.163574/0.154053/0.158691/0/0/0/0/0/0/0/0/0/0/0/0/0/0/0/0/0/0/0/0/0/0/0/0/0/0/0/0/0/0/0/0/0/0/0/0/0/0/0/0/0/0/0/0,507.195/250.321/248.875/248.877/0/0/0/0/0/0/0/0/0/0/0/0/0/0/0/0/0/0/0/0/0/0/0/0/0/0/0/0/0/0/0/0/0/0/0/0/0/0/0/0/0/0/0/0,,,648,1.528762664264571e-12,2.531250000000001e-12,-3.661028732960934e-06,0.016184489010963046,0,0.0,2092,4.412158635655642e-12,8.171875000000002e-12,3.155683115725596e-07,2.495992042450106e-07,6.187184335382305e-07,1.1616132217137727e-06,0,1,nan,0.4552070657717803,4,3/1/2/4,3,712.4,1.0,,,1.5341117477758582e-10,,,,,,,,,,,,,,0,2756,1,372462414.0449972,132088612.8434367,2.8197920019530613,2,-355649118.416136,-381154974.376266,-417564794.951282,-127327744.056782,-216844188.630797,-708747.076398,-377787761.903018,-141283441.204908,789,-360564.476338,-359915.722388,-164856.462035,279243.143651,-217309565.748123,-254576544.420572,-6.0887,6.0887,-1.4525,1.4526,0.0103,0.8175,8.7854,1.7605,0.0342,0.6923,0.8228,0.2984,143,395,1431,,,
60,-0.0,746.34,7.638473182236092e-08,9.993662109375004e-16,6.337890625000003e-19,48,4,4,3,3/1/2/4,0,1,1,0.19043/0.156982/0.143799/0.142578/0/0/0/0/0/0/0/0/0/0/0/0/0/0/0/0/0/0/0/0/0/0/0/0/0/0/0/0/0/0/0/0/0/0/0/0/0/0/0/0/0/0/0/0,507.195/250.321/248.875/247.444/0/0/0/0/0/0/0/0/0/0/0/0/0/0/0/0/0/0/0/0/0/0/0/0/0/0/0/0/0/0/0/0/0/0/0/0/0/0/0/0/0/0/0/0,,,611,1.4423961565660385e-12,2.386718750000001e-12,-3.661091468040703e-06,0.015180727734663382,0,0.0,2066,4.412060793333031e-12,8.070312500000004e-12,3.131215332939284e-07,2.495981813535708e-07,6.187184335382305e-07,1.1329981197718351e-06,0,1,nan,0.500910817445835,4,3/1/2/4,3,708.7,1.0,,,1.4781690120961028e-10,,,,,,,,,,,,,,0,2596,1,409858427.7702455,131754569.80845322,3.110772008637756,1,-375435708.134366,-377066135.946946,-420459803.020068,-133160926.446203,-174477682.299906,-709045.255426,-375559755.912073,-134263520.667313,817,-251833.4613,-298145.290455,743617.915116,299558.801358,-240424165.586354,-234060750.857815,-6.9346,6.9359,-1.3004,1.3005,0.0102,0.7761,10.6455,1.7067,0.0343,0.6508,0.7591,0.2965,126,328,1332,,,
80,-0.0,971.6,7.638473182236092e-08,9.994008789062505e-16,5.991210937500003e-19,48,4,4,3,3/1/2/4,0,7,1,0.188232/0.154053/0.131348/0.125488/0/0/0/0/0/0/0/0/0/0/0/0/0/0/0/0/0/0/0/0/0/0/0/0/0/0/0/0/0/0/0/0/0/0/0/0/0/0/0/0/0/0/0/0,507.195/250.321/243.766/243.772/0/0/0/0/0/0/0/0/0/0/0/0/0/0/0/0/0/0/0/0/0/0/0/0/0/0/0/0/0/0/0/0/0/0/0/0/0/0/0/0/0/0/0/0,,,585,1.371084733156273e-12,2.285156250000001e-12,-3.664950146515699e-06,-0.04655812786527374,0,0.0,2052,4.395777093373071e-12,8.015625000000003e-12,3.1180632379564694e-07,2.470466878086134e-07,5.745242597140706e-07,1.0787933484543878e-06,0,1,nan,0.4527584701565722,4,3/1/2/4,3,694.8,1.0,,,1.429191472100744e-10,,,,,,,,,,,,,,0,2450,5,370458908.6022288,131604175.90504983,2.814947976039215,1,-358958565.94194,-368958244.751753,-425652990.73104,-108611136.974474,-173780159.018074,-663220.852242,-383946009.915234,-101544253.411025,805,-239310.591429,-356383.46022,187100.909598,-142497.775605,-213145936.754572,-241109896.182803,-6.7122,6.7123,-1.3086,1.3086,0.0105,0.6586,9.9316,1.6772,0.0363,0.6752,0.7774,0.286,117,328,1210,,,
100,-0.0,1199.16,7.638473182236092e-08,9.994301757812505e-16,5.698242187500003e-19,48,4,4,3,3/1/2/4,0,3,1,0.189453/0.152344/0.118652/0.109375/0/0/0/0/0/0/0/0/0/0/0/0/0/0/0/0/0/0/0/0/0/0/0/0/0/0/0/0/0/0/0/0/0/0/0/0/0/0/0/0/0/0/0/0,507.197/250.321/242.331/242.331/0/0/0/0/0/0/0/0/0/0/0/0/0/0/0/0/0/0/0/0/0/0/0/0/0/0/0/0/0/0/0/0/0/0/0/0/0/0/0/0/0/0/0/0,1-2:0.411502/1-3:0.356336/2-4:0.514333,1-2:-58.73/1-3:-66.103/2-4:-54.746,545,1.2821707758357004e-12,2.1289062500000007e-12,-3.664124405976145e-06,-0.03334627923241146,0,0.0,1986,4.24742070675464e-12,7.757812500000003e-12,3.090607591048787e-07,2.4632596446281587e-07,5.745242597140701e-07,1.0388961281079104e-06,0,1,nan,0.43754694287691365,4,3/1/2/4,3,682.8,1.0,,,1.3914460035377157e-10,1,4,1,1,1,1/0/0/0/0/0/0/0/0/0/0/0,1.0,4,1244,1174,619,4,4,0,2321,4,358012436.2209466,131416603.22673064,2.7242557441792523,1,-351258740.232556,-388604309.252896,-427613383.030346,-119745530.032398,-178620717.641482,-656023.609309,-385187480.65146,-107486263.981684,790,-232366.680916,-333318.076273,203618.72398,-109577.935174,-232891778.332749,-243748874.577106,-6.5646,6.5649,-1.3306,1.3306,0.0103,0.7781,10.2341,1.7304,0.0373,0.6408,0.7661,0.2739,103,295,1150,1264.9,773.4,337.3
120,1.0184666e-05,1481.7,7.066431797835207e-08,9.994516601562505e-16,5.483398437500002e-19,48,4,4,3,3/1/2/4,0,8,1,0.187988/0.151367/0.110107/0.098877/0/0/0/0/0/0/0/0/0/0/0/0/0/0/0/0/0/0/0/0/0/0/0/0/0/0/0/0/0/0/0/0/0/0/0/0/0/0/0/0/0/0/0/0,507.197/250.321/242.331/242.331/0/0/0/0/0/0/0/0/0/0/0/0/0/0/0/0/0/0/0/0/0/0/0/0/0/0/0/0/0/0/0/0/0/0/0/0/0/0/0/0/0/0/0/0,,,532,1.2491526681017975e-12,2.078125000000001e-12,-3.668444533024049e-06,-0.10246831199887396,0,0.0,1964,4.2014852979355165e-12,7.671875000000003e-12,3.097740823734202e-07,2.4632596446281587e-07,5.30330085889911e-07,1.0388961281079104e-06,0,1,nan,0.379978046598093,4,3/1/2/4,3,684.4,1.0,,,1.3661089996935886e-10,,,,,,,,,,,,,,0,2235,2,336076659.2222142,141276057.48985103,2.378864934324468,2,-352402114.149252,-392166950.335376,-428663234.745568,-112904035.255302,-174162231.87246,-642686.612712,-380284701.106319,-94890300.044081,777,-229223.446409,-325182.011433,574545.64097,-137144.420623,-219754875.308647,-234307986.377085,-5.2513,5.2517,-1.1678,1.1678,0.0088,0.5872,8.0613,1.5362,0.0341,0.6504,0.757,0.2551,123,284,1070,,,
140,1.0184666e-05,1731.2,7.066431797835207e-08,9.994736328125005e-16,5.263671875000003e-19,48,4,4,3,3/1/2/4,0,7,1,0.187744/0.149902/0.0991211/0.0895996/0/0/0/0/0/0/0/0/0/0/0/0/0/0/0/0/0/0/0/0/0/0/0/0/0/0/0/0/0/0/0/0/0/0/0/0/0/0/0/0/0/0/0/0,507.199/248.886/242.329/242.331/0/0/0/0/0/0/0/0/0/0/0/0/0/0/0/0/0/0/0/0/0/0/0/0/0/0/0/0/0/0/0/0/0/0/0/0/0/0/0/0/0/0/0/0,,,516,1.2135871107458547e-12,2.0156250000000007e-12,-3.6719811743331786e-06,-0.15905457294494807,0,0.0,1938,4.175011543764536e-12,7.570312500000002e-12,3.0959799928875005e-07,2.45608309791338e-07,5.30330085889911e-07,1.0388961281079104e-06,0,1,nan,0.37665291422721564,4,3/1/2/4,3,681.8,1.0,,,1.3443233627645718e-10,,,,,,,,,,,,,,0,2145,2,333135701.4782578,141226537.83891335,2.35887466035768,2,-412861341.47539,-387707187.102322,-428132352.236555,-1809536.958292,-166912436.040934,-638675.743433,-378746918.172318,-104583755.287113,801,-188517.710682,-294871.620366,241392.891659,-133662.387369,-247524899.319771,-223024892.485204,-5.2392,5.24,-1.1745,1.1745,0.0085,0.5827,10.5801,1.552,0.0341,0.4941,0.7538,0.2465,85,260,1014,,,
160,1.0184666e-05,1958.39,7.066431797835207e-08,9.994863281250004e-16,5.136718750000003e-19,48,4,4,3,3/1/2/4,0,8,1,0.185791/0.150146/0.0935059/0.0842285/0/0/0/0/0/0/0/0/0/0/0/0/0/0/0/0/0/0/0/0/0/0/0/0/0/0/0/0/0/0/0/0/0/0/0/0/0/0/0/0/0/0/0/0,507.199/248.886/242.329/242.331/0/0/0/0/0/0/0/0/0/0/0/0/0/0/0/0/0/0/0/0/0/0/0/0/0/0/0/0/0/0/0/0/0/0/0/0/0/0/0/0/0/0/0/0,,,498,1.1706086901058357e-12,1.9453125000000006e-12,-3.674595005904112e-06,-0.2008758780798811,0,0.0,1926,4.167459413178069e-12,7.523437500000002e-12,3.0758960073730237e-07,2.45608309791338e-07,5.082329989778319e-07,1.0388961281079104e-06,0,1,nan,0.3768974220103396,4,3/1/2/4,3,680.3,1.0,,,1.3257294949799248e-10,,,,,,,,,,,,,,0,2093,2,333351959.65328085,141197981.92989627,2.360883315023494,1,-425827095.886239,-393807748.793881,-427184268.513394,-724536.75513,-186803328.426461,-620428.332177,-373622424.309067,-102273423.263766,852,-176133.838039,-257160.42418,256191.843884,1089032.952476,-279561662.246138,-240191826.162811,-4.5587,4.5596,-1.1448,1.1453,0.0081,0.6469,12.0759,1.5899,0.0346,0.3766,0.717,0.2308,77,212,966,,,
180,1.0184666e-05,2185.83,7.066431797835207e-08,9.995061035156255e-16,4.938964843750002e-19,48,4,4,3,3/1/2/4,0,9,1,0.184082/0.149658/0.0856934/0.0744629/0/0/0/0/0/0/0/0/0/0/0/0/0/0/0/0/0/0/0/0/0/0/0/0/0/0/0/0/0/0/0/0/0/0/0/0/0/0/0/0/0/0/0/0,507.199/247.442/242.327/242.329/0/0/0/0/0/0/0/0/0/0/0/0/0/0/0/0/0/0/0/0/0/0/0/0/0/0/0/0/0/0/0/0/0/0/0/0/0/0/0/0/0/0/0/0,,,473,1.1089381314633466e-12,1.847656250000001e-12,-3.676089750343235e-06,-0.2247917891058483,0,0.0,1964,4.259510923098486e-12,7.671875000000003e-12,3.048927604659711e-07,2.448855406626606e-07,4.861359120657523e-07,1.0388961281079104e-06,0,1,nan,0.3744289532787599,4,3/1/2/4,3,679.2,1.0,,,1.3073175424671198e-10,,,,,,,,,,,,,,0,2010,4,331168689.50877887,141164407.68170267,2.345978670880677,1,-431200269.919574,-380204719.569086,-426627415.843838,-591610.2698,-153153965.803744,-607169.094742,-380453576.811581,-88254548.720141,799,-162037.454955,-282005.905743,266754.003314,-83057.010421,-255952443.396905,-231698152.376804,-4.0982,4.0993,-1.1232,1.1232,0.0085,0.6246,10.1518,1.5391,0.0355,0.4028,0.7265,0.2363,72,223,931,,,
200,1.0184666e-05,2432.65,7.066431797835207e-08,9.995229492187504e-16,4.770507812500002e-19,48,4,4,3,3/1/2/4,0,10,1,0.182373/0.147705/0.0791016/0.0678711/0/0/0/0/0/0/0/0/0/0/0/0/0/0/0/0/0/0/0/0/0/0/0/0/0/0/0/0/0/0/0/0/0/0/0/0/0/0/0/0/0/0/0/0,508.64/247.44/240.887/242.329/0/0/0/0/0/0/0/0/0/0/0/0/0/0/0/0/0/0/0/0/0/0/0/0/0/0/0/0/0/0/0/0/0/0/0/0/0/0/0/0/0/0/0/0,1-2:0.375937/1-3:0.31031/2-4:0.387535,1-2:-58.694/1-3:-66.095/2-4:-54.769,458,1.0737821126644679e-12,1.7890625000000007e-12,-3.679427493355006e-06,-0.2781956772941851,0,0.0,1934,4.197111122037234e-12,7.554687500000002e-12,3.068614658397931e-07,2.4488451777122057e-07,4.861359120657523e-07,1.0388961281079104e-06,0,1,nan,0.3765356494330067,4,3/1/2/4,3,677.6,1.0,,,1.2906549829430535e-10,1,4,1,1,1,1/0/0/0/0/0/0/0/0/0/0/0,1.0,4,1242,1162,619,4,4,0,1932,5,333031985.06454664,141114371.13971692,2.3600146631048133,1,-417100449.507759,-389107689.2801,-427416654.384456,-761000.540873,-137723862.559104,-587536.256658,-380045869.53071,-91843025.476836,794,-169402.449248,-250312.427864,365374.538543,-130529.070054,-241797857.673666,-223640425.283746,-4.138,4.1396,-1.024,1.024,0.0076,0.6167,9.6328,1.4473,0.0341,0.4286,0.7037,0.2222,77,189,900,1275.1,795.5,348.5
220,2.0369332e-05,2708.85,6.574100727035609e-08,9.995344238281255e-16,4.655761718750002e-19,48,4,4,3,3/1/2/4,0,13,1,0.182373/0.145752/0.074707/0.0627441/0/0/0/0/0/0/0/0/0/0/0/0/0/0/0/0/0/0/0/0/0/0/0/0/0/0/0/0/0/0/0/0/0/0/0/0/0/0/0/0/0/0/0/0,508.64/242.333/240.887/242.329/0/0/0/0/0/0/0/0/0/0/0/0/0/0/0/0/0/0/0/0/0/0/0/0/0/0/0/0/0/0/0/0/0/0/0/0/0/0/0/0/0/0/0/0,,,446,1.042492249577047e-12,1.7421875000000006e-12,-3.6773270832240076e-06,-0.24458911519821305,0,0.0,1944,4.235494655992751e-12,7.593750000000003e-12,3.0455481569419105e-07,2.4233097844338376e-07,4.861359120657523e-07,1.0388961281079104e-06,0,1,nan,0.3445940654517747,4,3/1/2/4,3,678.2,1.0,,,1.2794073060590573e-10,,,,,,,,,,,,,,0,1881,9,327605705.8597493,150998294.52849424,2.1695987155532293,1,-412189178.49008,-409014042.958065,-425350960.01684,-762759.753006,-101714812.802587,-577466.05499,-374763365.855378,-74684615.373809,766,-177895.499682,-240994.16565,370234.063578,-81912.255555,-248390088.118284,-218905160.736932,-3.9675,3.97,-0.866,0.866,0.0068,0.4974,9.3989,1.3507,0.0302,0.4211,0.6364,0.2217,76,176,893,,,
