step,t_s,wall_s,dt,V0,Vt,M,nreg_used,nslab_n,nf3_col,runs,ncomp_min,ncomp_max,ncompbig_max,vols,ths,f3_pairs,f3_pairs_pos,nf3,f3_area_m2,f3_area_stair,f3_pos_m,f3_pos_dx,nf2,f2_area_m2,nf1,f1_area_m2,f1_area_stair,f3_std_m,n_lath,w_lath,a_lath,box_touch,finite,psi_mean,cfl_used,nslab_n1,runs1,nf3_col1,r_col_nm,col_cover_min,nslab_nu,nslab_nu1,E_el_J,nblk_sig,blk_laths,blk_vars,n_var_sig,n_habit,f_var,r_selfac,blk_nlath,blk_span_nm,blk_alen_nm,blk_wlen_nm,blk_nprof,blk_nruns,box_touch_core,core_vox,ncomp_all,dG_max_Jm3,dG_p999,dG_ratio,dG_near_max,ed_tip,ed_side,ed_wide,dG_tip,dG_side,dG_wide,ed_obl,dG_obl,n_obl,dG_tip_p90,dG_side_p90,dG_tip_max,dG_side_max,ed_tip_p90,ed_side_p90,v_tip_nsgn,v_tip_nabs,v_side_nsgn,v_side_nabs,v_wide_nabs,v_obl_nabs,v_tip_f1,v_side_f1,v_wide_f1,f1_tip,f1_side,f1_wide,n_tip,n_side,n_wide,tip_sep_nm,side_sep_nm,wide_sep_nm,wrap_any,wrap_n,wrap_fields,evloc_min_nm,evloc_dup,evloc_n,evloc_pairs,evloc_same_min_nm,evloc_pts
0,0.0,0.04,2.6785714285714285e-08,6.398828125000003e-17,1.1718750000000005e-20,6,1,1,0,1,0,1,1,0.0117188/0/0/0/0/0,243.768/0/0/0/0/0,,,0,0.0,0.0,nan,nan,0,0.0,116,2.479595156795936e-13,4.5312500000000015e-13,nan,2.437683335692196e-07,1.767766952966373e-07,2.2906246478122744e-07,0,1,nan,nan,1,1,0,300.0,1.0,1,1,0.0,1,1,1,1,1,1,1.0,1,244,229,177,1,1,0,48,1,nan,nan,nan,-1,,,,,,,,,,,,,,,,,,,,,,,,,,,,0,0,0,347.7,353.6,367.5,,,,,0,0,,,
25,6.69643e-07,59.01,2.6785714285714285e-08,6.390063476562503e-17,9.936523437500005e-20,6,1,1,0,1,0,1,1,0.0993652/0/0/0/0/0,396.583/0/0/0/0/0,,,0,0.0,0.0,nan,nan,0,0.0,424,9.438060399526238e-13,1.6562500000000005e-12,nan,3.965827689369314e-07,6.187184335382297e-07,6.217005046216964e-07,0,1,nan,0.15500557141393417,1,1,0,344.3,1.0,1,1,1.3424186726097129e-11,,,,,,,,,,,,,,0,407,1,361679666.6325131,355684033.07793015,1.0168566283470737,62,-263774964.753737,-312898093.070888,-306975303.776561,281404920.218257,269427904.070554,269534946.0664,-300809172.646478,271806830.639455,205,294381467.141601,288903261.267599,301670014.845291,292940145.639952,-215662869.093583,-238351373.595726,7.3063,7.3063,7.0751,7.0751,2.2415,6.1289,7.3063,7.0751,2.2415,1.0,1.0,1.0,39,27,106,,,,,,,,0,0,,,
50,1.339286e-06,127.34,2.6785714285714285e-08,6.348925781250003e-17,5.107421875000002e-19,6,2,2,1,1/2,0,3,1,0.309814/0.200928/0/0/0/0,542.843/411.134/0/0/0/0,,,286,6.551863233958666e-13,1.1171875000000004e-12,-1.3357325653993058e-06,0.0,0,0.0,1400,3.089566666857046e-12,5.468750000000002e-12,6.93581804754251e-08,4.769880413145389e-07,9.280776503073441e-07,9.478903936332776e-07,0,1,nan,0.1562650947850471,2,1/2,1,547.6,1.0,,,8.09410549890302e-11,,,,,,,,,,,,,,0,2092,1,364618554.4984433,357676665.09232324,1.0194082815112588,19,-311363098.171794,-320201410.013506,-341245753.87639,270974514.11468,267959662.986555,261924227.589745,-357835482.903731,256914245.607673,1073,293265035.175179,291805436.532604,308506819.058646,303149861.446661,-218718744.337155,-224362446.609986,6.8922,6.894,7.0364,7.0364,2.0275,5.3798,7.0511,7.0364,2.2099,0.9775,1.0,0.9164,178,154,610,,,,,,,,0,0,,,
75,2.008929e-06,192.49,2.6785714285714285e-08,6.277783203125003e-17,1.2221679687500007e-18,6,3,3,2,3/1/2,0,1,1,0.604004/0.468994/0.14917/0/0/0,619.254/523.189/305.625/0/0/0,,,706,1.615815710787788e-12,2.757812500000001e-12,-1.4964766713441696e-06,-2.57190569511782,0,0.0,2696,5.954551700308274e-12,1.0531250000000004e-11,2.2538262550066052e-07,5.231887824354098e-07,1.3258252147247763e-06,1.2740802826448585e-06,0,1,nan,0.16246093394708716,3,3/1/2,2,737.4,1.0,,,2.0865349442040352e-10,,,,,,,,,,,,,,0,5006,1,379075512.5432034,358688096.27157044,1.0568388426701432,4,-362865365.034492,-344022900.482932,-362477065.989601,256916524.72601,261785813.518972,256456151.335572,-382911643.27551,251260111.991204,2773,287158315.827187,296943124.048915,308695027.605366,308549643.189237,-244599835.8962,-206189692.063504,6.6946,6.6952,6.9043,6.9043,2.3186,5.3511,6.7942,6.9234,2.3878,0.9852,0.9972,0.9705,338,359,1392,,,,,,,,0,0,,,
100,2.678571e-06,254.61,2.6785714285714285e-08,6.174707031250003e-17,2.252929687500001e-18,6,4,4,3,3/1/2/4,0,6,1,0.982422/0.790039/0.340576/0.139893/0/0,638.906/843.375/396.589/307.076/0/0,,,978,2.2771386392495324e-12,3.820312500000001e-12,-1.5494865807676977e-06,-3.42006424589427,0,0.0,5436,1.2103840709192301e-11,2.123437500000001e-11,2.3210351322792138e-07,5.177472352671838e-07,1.5026019100214138e-06,1.4243803924628945e-06,0,1,nan,0.1693417995517293,4,3/1/2/4,3,1383.8,1.0,,,3.950691294046569e-10,,,,,,,,,,,,,,0,8619,8,395130865.6207017,359809324.4097464,1.0981673870428426,2,-390590183.989299,-389245649.384262,-363091938.221439,249112461.647827,250446067.905531,256745793.888574,-392222069.947018,249418900.323111,4924,284982835.872346,289380709.272391,342455095.663437,326580346.3509,-254703103.045456,-235342035.272554,6.4176,6.4245,6.6366,6.6397,2.3653,5.1612,6.6581,6.7088,2.3724,0.964,0.9895,0.997,584,570,2958,,,,,,,,0,0,,,
125,3.348214e-06,318.39,2.6785714285714285e-08,6.025537109375002e-17,3.744628906250002e-18,6,5,5,4,5/3/1/2/4,0,14,1,1.46338/1.23022/0.547607/0.402344/0.101074/0,974.474/947.434/450.455/451.883/264.866/0,,,1671,3.878399789753852e-12,6.527343750000003e-12,-1.5727204027349373e-06,-3.7918053973701045,0,0.0,8930,1.978837394512167e-11,3.488281250000001e-11,3.7017407989946853e-07,4.5188250605858835e-07,1.4142135623730954e-06,1.4581559230536517e-06,0,1,nan,0.1696932816616707,5,5/3/1/2/4,4,1850.4,1.0,,,7.10671716054807e-10,,,,,,,,,,,,,,0,15280,16,395950990.54389834,362631886.31056416,1.0918813416335902,1,-408638884.892905,-393398880.325776,-405539822.59679,244784283.554052,248331432.3423,246258722.231236,-401783776.23587,246724674.180205,7749,279296340.60065,288187529.502163,313265787.50804,321591346.598526,-279340393.624818,-241609221.074765,6.3406,6.3431,6.4474,6.4498,2.1471,5.0802,6.4693,6.587,2.1836,0.9801,0.9789,0.9829,1006,853,5429,,,,,,,,0,0,,,
150,4.017857e-06,381.89,2.6785714285714285e-08,5.801513671875003e-17,5.9848632812500024e-18,6,6,6,5,5/3/1/2/4/6,1,31,7,2.5332/1.74683/0.710693/0.678955/0.236572/0.0786133,1458.34/1108.24/668.013/515.184/341.271/248.875,,,2642,6.07090766213286e-12,1.0320312500000004e-11,-1.514153692708259e-06,-2.8547380369432522,0,0.0,13888,3.062561371196681e-11,5.425000000000002e-11,4.97482029357929e-07,5.915988678403226e-07,1.5688931707576527e-06,1.5153861269375272e-06,0,1,nan,0.1732369567223128,6,5/3/1/2/4/6,5,1919.0,1.0,,,1.17762388035997e-09,,,,,,,,,,,,,,0,23890,34,404219565.6853966,364931248.66308504,1.1076595034441232,2,-415245247.323274,-416236696.520349,-413304070.62479,243293362.921316,243066450.325143,244491462.498971,-413461110.133967,243650752.25096,13410,272973375.338462,278383119.381699,348826595.999489,336965826.857173,-302748462.788577,-277059325.306629,6.1731,6.178,6.2229,6.2272,2.0733,4.9316,6.4006,6.4646,2.1784,0.9647,0.9629,0.9511,1617,1348,7400,,,,,,,,0,0,,,
175,4.6875e-06,457.54,2.6785714285714285e-08,5.503417968750003e-17,8.965820312500005e-18,6,6,6,5,5/3/1/2/4/6,1,34,12,4.39575/2.26685/0.893311/0.794678/0.409668/0.205566,1697.72/1411.64/733.546/1052.9/396.587/320.182,,,3830,8.718902060515916e-12,1.4960937500000007e-11,-1.4594285361028875e-06,-1.9791355312573076,0,0.0,19782,4.365026637172829e-11,7.727343750000003e-11,5.887720123311761e-07,8.932225236419159e-07,1.7898640398784487e-06,1.7638457467156802e-06,1,1,nan,0.1695807303841009,7,5/3/1/2/4/6/4,6,2010.2,1.0,,,1.9304034332161904e-09,,,,,,,,,,,,,,1,35220,47,395688370.89623547,363606359.99159396,1.0882328100789633,2,-441018150.760467,-445362877.884588,-441230051.560862,236731854.801201,235345615.819627,236423386.612,-435589705.90575,237644210.706298,21547,262200054.28547,262741986.18977,329543808.325489,342370874.726165,-341036750.180275,-335100926.613837,5.9533,5.9591,5.969,5.9751,2.0382,4.8144,6.2151,6.2146,2.193,0.9582,0.9609,0.9282,2869,2224,9495,,,,,,,,0,0,,,
200,5.357143e-06,523.78,2.6785714285714285e-08,5.125683593750002e-17,1.2743164062500007e-17,6,6,6,5,5/3/1/2/4/6,1,23,5,6.80933/2.91772/1.15405/0.916504/0.580322/0.365234,1834.49/1693.3/832.498/1163.51/451.88/388.581,1-2:3.72334/1-3:3.38931/2-4:1.76627/3-5:1.63428/4-6:0.929202,1-2:-22.835/1-3:-30.596/2-4:-11.753/3-5:-37.2/4-6:-4.8164,5080,1.1442402772400583e-11,1.984375000000001e-11,-1.452509186384694e-06,-1.8684259357662099,0,0.0,24838,5.4859966103504766e-11,9.702343750000004e-11,6.162874219845629e-07,9.980023790152776e-07,2.209708691207961e-06,1.8722552893505738e-06,1,1,nan,0.16769362881827432,7,5/3/1/2/4/6/4,6,2101.4,1.0,,,2.9561339416046013e-09,7,6/1/1/1/1/1/1,1/1/1/1/1/1/1,1,1,1,1.0,6/1/1/1/1/1/1,2778/563/229/208/320/195/125,3460/742/258/198/331/272/151,3580/663/309/442/265/575/530,6/1/1/1/1/1/1,6/1/1/1/1/1/1,1,51272,37,391285133.9093068,361055711.0426211,1.0837250926716882,1,-472172923.308325,-481121478.59484,-464510459.463879,229260588.011296,226014614.888441,230762862.176989,-469896540.247118,228977074.765785,31576,253873040.91578,247701124.119291,342291679.27399,324994204.198288,-373794266.517876,-394744243.154692,5.8762,5.8797,5.6779,5.6852,2.1024,4.6682,6.0337,5.9553,2.1588,0.9741,0.9539,0.9732,4511,3257,12290,1513.4,1591.0,434.2,,,,,0,0,,,
225,6.026786e-06,594.35,2.6785714285714285e-08,4.784130859375002e-17,1.6158691406250008e-17,6,6,6,5,5/3/1/2/4/6,1,22,3,8.52319/3.87378/1.4873/1.06079/0.685303/0.52832,2223.05/1839.56/977.31/1246.47/828.793/443.888,,,6490,1.452024124678527e-11,2.535156250000001e-11,-1.453746008998291e-06,-1.888215097583763,0,0.0,28018,6.162199790374042e-11,1.0944531250000004e-10,6.390253889789818e-07,1.1118883906295044e-06,2.541164994889156e-06,2.201541435551446e-06,1,1,nan,0.16775286617642265,8,5/1/3/1/2/4/6/4,7,2494.0,1.0,,,3.983462008431126e-09,,,,,,,,,,,,,,1,65646,34,391423354.4116529,357251852.2369714,1.095651014713326,2,-496418222.90097,-502159124.488963,-494307626.568748,223576492.058894,220984749.303211,223761798.716735,-498314648.761807,222230416.367954,41157,245694190.979802,242849187.460769,334384300.021331,329811112.114569,-405400151.085281,-412497461.696062,5.7473,5.7501,5.5815,5.587,2.0714,4.5792,5.8786,5.8048,2.1239,0.9778,0.9619,0.9747,5775,4282,14454,,,,,,,,0,0,,,
250,6.696429e-06,664.72,2.6785714285714285e-08,4.488940429687502e-17,1.911059570312501e-17,6,6,6,5,5/3/1/2/4/6,1,22,3,9.46997/5.12085/1.74707/1.25342/0.848877/0.67041,2319.11/2089.87/1068.26/1301.77/1191.16/520.287,,,8042,1.7846138357786465e-11,3.1414062500000013e-11,-1.440089945421095e-06,-1.6697180803486282,0,0.0,31620,6.92531632441814e-11,1.2351562500000006e-10,6.730741847592133e-07,1.2464669870123684e-06,2.7179416901857925e-06,2.4234501248471897e-06,1,1,nan,0.1678191383408928,9,5/5/1/3/1/2/4/6/4,8,2627.3,1.0,,,4.977450680364432e-09,,,,,,,,,,,,,,1,77416,38,391577989.4620833,354947717.93940914,1.1031990619219225,1,-519641377.012138,-524113992.396042,-522507112.616032,217544014.820743,216091504.028846,217253962.600228,-521460785.677185,216900000.317084,49965,237772233.807955,240083736.653685,317443688.706956,307971944.003383,-436649758.141142,-427634283.19741,5.5716,5.5748,5.565,5.5677,2.0451,4.5235,5.6939,5.6954,2.0756,0.9787,0.9773,0.9848,6541,5370,15943,,,,,,,,0,0,,,
275,7.366071e-06,736.63,2.6785714285714285e-08,4.204565429687502e-17,2.195434570312501e-17,6,6,6,5,5/3/1/2/4/6,1,18,5,9.93848/6.61108/1.96216/1.54858/1.05762/0.836426,2854.05/2151.73/1144.67/1357.08/1274.12/746.624,,,9205,2.0312460071251468e-11,3.5957031250000014e-11,-1.403069589748366e-06,-1.0773923895849629,0,0.0,35106,7.682890910829784e-11,1.3713281250000007e-10,7.123094796270337e-07,1.3155998415459588e-06,2.8284271247461907e-06,2.5522889082087726e-06,1,1,nan,0.1710115796759984,7,5/1/3/1/2/6/4,6,2740.9,1.0,,,5.94369019348376e-09,,,,,,,,,,,,,,1,88161,34,399027019.2439963,352626134.69966465,1.1315866295158519,1,-538352110.678195,-544935580.881222,-542318650.269274,212965026.083447,211468740.867194,212560997.963418,-541515752.710649,212155043.816392,58639,234100370.077703,235241380.859712,329066125.908473,297792189.733439,-453131070.414392,-449094014.350587,5.4773,5.48,5.448,5.4507,2.0185,4.4625,5.5927,5.5719,2.0499,0.9796,0.978,0.9842,7436,6849,16560,,,,,,,,0,0,,,
300,8.035714e-06,843.43,2.6785714285714285e-08,3.908081054687502e-17,2.491918945312501e-17,6,6,6,5,5/3/1/2/4/6,1,18,4,10.1519/8.21289/2.14648/1.92212/1.43335/1.05249,2868.54/2177.24/1172.32/1432.03/1383.28/844.133,,,10371,2.283143712492349e-11,4.0511718750000016e-11,-1.369960262342209e-06,-0.5476431510864515,0,0.0,39426,8.660042008438809e-11,1.5400781250000007e-10,7.556270194003457e-07,1.4076545805778697e-06,3.0493979938669867e-06,2.666820140599386e-06,1,1,nan,0.16399207181110095,7,5/1/3/1/2/6/4,6,3005.1,1.0,,,6.965439725690642e-09,,,,,,,,,,,,,,1,101260,25,382648167.55923563,350502342.25904703,1.0917135819778074,2,-555109851.485457,-561274384.318022,-557309383.066179,208547384.784205,207420926.074965,208855804.424669,-557564900.73383,208138141.911339,68602,229643170.377611,229730044.919145,322895614.847953,322393905.804414,-471362859.123985,-470891644.581379,5.372,5.3738,5.3609,5.3631,2.0366,4.4004,5.4695,5.4646,2.0652,0.9823,0.9812,0.9857,8430,7875,16722,,,,,,,,0,0,,,
