step,ncomp,nsig,big_frac,debris,L_big,W_big,T_big,LW_big,LT_big
25,6,6,0.168072,0,4.5254e-06,6.5533e-07,4.02853e-07,6.90553,11.2334
50,6,6,0.168802,0,5.11405e-06,7.43718e-07,4.1175e-07,6.87632,12.4203
75,6,6,0.167643,0,5.54627e-06,7.43718e-07,4.26176e-07,7.45748,13.014
100,7,6,0.168395,0.000305064,5.97849e-06,9.20495e-07,4.495e-07,6.49486,13.3003
125,24,6,0.166247,0.0183879,6.1946e-06,1.27405e-06,4.6994e-07,4.86214,13.1817
150,54,1,0.968909,0.0310912,6.99009e-06,8.4335e-06,4.89e-07,0.828847,14.2947
175,53,2,0.937029,0.0477413,7.35336e-06,8.4335e-06,5.07875e-07,0.871922,14.4787
200,20,1,0.979223,0.0207769,8.8754e-06,8.52189e-06,5.22546e-07,1.04148,16.9849
225,16,1,0.985999,0.0140005,1.00342e-05,8.61028e-06,5.34085e-07,1.16537,18.7876
