step,t_s,dt,ncell,V,L,W,T,Lb,Wb,Tb,L_cal,W_cal,T_cal,LW_cal,LT_cal,WT_cal,LWo,LTo,WTo,LW,LT,WT,LW_pm,LT_pm,LA,WA,TA,LWA,LTA,WTA,fill_A,A_tot,A_a,A_w,A_n,fill,fill_n,ang_a_deg,sv0,sv1,sv2,ncomp,frac_big,L_big,nif,gmed,f_a,f_w,f_n,nc,Lc,Wc,Tc,LWc,LTc,align_deg,big_frac,gap_w_nm,nsig,debris,ded_a,ded_w,ded_n,ded_all,ed_par_mean,box_touch,band_bad,ok,dG_max,nreinit,nskip,regflip,adv_wall,reinit_wall,reinit_pairs
,,,280,5.46875e-19,9.42652e-07,8.83883e-07,9.29984e-07,1.06765e-06,1.00888e-06,1.05498e-06,9.47539e-07,9.848e-07,9.57789e-07,0.962163,0.989298,1.0282,1.06649,1.01362,0.950429,1.05825,1.01201,0.956302,0.0901979,0.0842863,7.45608e-07,7.31625e-07,7.03353e-07,1.01911,1.06008,1.0402,1.42533,3.16904e-12,1.02918e-12,1.04885e-12,1.09101e-12,0.705775,0.481251,51.2653,30.2985,30.2985,30.2985,1,1,9.42652e-07,616,0.989498,0.0876623,0.103896,0.107143,1,1.06765e-06,1.00888e-06,1.05498e-06,1.05825,1.01201,51.2653,1,,1,0,,,,,,0,0,1,,,,,,,
,,,286,5.58594e-19,9.61185e-07,8.83883e-07,9.29984e-07,1.08619e-06,1.00888e-06,1.05498e-06,9.66168e-07,9.848e-07,9.57789e-07,0.98108,1.00875,1.0282,1.08746,1.03355,0.950429,1.07662,1.02958,0.956302,0.0910284,0.0850297,8.34617e-07,6.93851e-07,6.70876e-07,1.20288,1.24407,1.03425,1.43781,3.20903e-12,9.30976e-13,1.11985e-12,1.1582e-12,0.706999,0.483176,3.47026,31.6623,30.4302,30.4302,1,1,9.61185e-07,653,0.961817,0.0765697,0.0980092,0.101072,1,1.08619e-06,1.00888e-06,1.05498e-06,1.07662,1.02958,3.47026,1,,1,0,,,,,,0,0,1,,,,,,,
,,,288,5.625e-19,1.08055e-06,8.83883e-07,9.29984e-07,1.20555e-06,1.00888e-06,1.05498e-06,1.08615e-06,9.848e-07,9.57789e-07,1.10291,1.13402,1.0282,1.2225,1.1619,0.950429,1.19493,1.14272,0.956302,0.0965275,0.0899591,9.37646e-07,6.70291e-07,6.63737e-07,1.39886,1.41268,1.00987,1.34842,3.39149e-12,8.89795e-13,1.2447e-12,1.25699e-12,0.633299,0.438381,3.47026,32.249,30.4302,30.4302,1,1,1.08055e-06,717,0.936898,0.0641562,0.0948396,0.0920502,1,1.20555e-06,1.00888e-06,1.05498e-06,1.19493,1.14272,3.47026,1,,1,0,,,,,,0,0,1,,,,,,,
,,,300,5.85938e-19,1.08981e-06,8.83883e-07,9.29984e-07,1.21481e-06,1.00888e-06,1.05498e-06,1.09546e-06,9.848e-07,9.57789e-07,1.11237,1.14374,1.0282,1.23298,1.17186,0.950429,1.20412,1.1515,0.956302,0.0969646,0.0903514,1.11616e-06,6.47886e-07,5.86952e-07,1.72277,1.90162,1.10382,1.38046,3.51711e-12,7.60556e-13,1.31026e-12,1.44629e-12,0.654076,0.453163,0.176274,34.8986,31.2703,30.4765,1,1,1.08981e-06,770,0.916974,0.0493506,0.0883117,0.0857143,1,1.21481e-06,1.00888e-06,1.05498e-06,1.20412,1.1515,0.176274,1,,1,0,,,,,,0,0,1,,,,,,,
,,,312,6.09375e-19,1.09908e-06,8.83883e-07,9.29984e-07,1.22408e-06,1.00888e-06,1.05498e-06,1.10478e-06,9.848e-07,9.57789e-07,1.12183,1.15347,1.0282,1.24347,1.18183,0.950429,1.2133,1.16028,0.956302,0.097403,0.0907449,1.3507e-06,5.9568e-07,5.46442e-07,2.26749,2.4718,1.09011,1.38602,3.73633e-12,6.51009e-13,1.47615e-12,1.60917e-12,0.674504,0.467722,0.875999,37.3708,31.8434,30.7802,1,1,1.09908e-06,842,0.899247,0.0380048,0.0961995,0.0783848,1,1.22408e-06,1.00888e-06,1.05498e-06,1.2133,1.16028,0.875999,1,,1,0,,,,,,0,0,1,,,,,,,
,,,318,6.21094e-19,1.23698e-06,8.83883e-07,9.29984e-07,1.36198e-06,1.00888e-06,1.05498e-06,1.24339e-06,9.848e-07,9.57789e-07,1.26258,1.29819,1.0282,1.39948,1.3301,0.950429,1.34998,1.29099,0.956302,0.104076,0.0967427,1.54218e-06,5.7911e-07,4.8596e-07,2.66302,3.17347,1.19168,1.43107,3.84791e-12,5.62848e-13,1.49888e-12,1.78619e-12,0.610838,0.428451,0.169208,39.2487,31.8748,30.8228,1,1,1.23698e-06,891,0.881067,0.0359147,0.0920314,0.0763187,1,1.36198e-06,1.00888e-06,1.05498e-06,1.34998,1.29099,0.169208,1,,1,0,,,,,,0,0,1,,,,,,,
,,,323,6.30859e-19,1.23698e-06,8.83883e-07,9.29984e-07,1.36198e-06,1.00888e-06,1.05498e-06,1.24339e-06,9.848e-07,9.57789e-07,1.26258,1.29819,1.0282,1.39948,1.33011,0.950429,1.34998,1.29099,0.956302,0.104076,0.0967427,1.87871e-06,5.26119e-07,4.1214e-07,3.57088,4.55842,1.27655,1.54862,3.9591e-12,4.3367e-13,1.54858e-12,1.97685e-12,0.620442,0.435187,1.05606,40.0813,32.4023,30.8503,1,1,1.23698e-06,937,0.864781,0.0384205,0.0885806,0.0811099,1,1.36198e-06,1.00888e-06,1.05498e-06,1.34998,1.29099,1.05606,1,,1,0,,,,,,0,0,1,,,,,,,
,,,338,6.60156e-19,1.37487e-06,8.83883e-07,9.29984e-07,1.49987e-06,1.00888e-06,1.05498e-06,1.382e-06,9.848e-07,9.57789e-07,1.40333,1.4429,1.0282,1.55549,1.47838,0.950429,1.48666,1.4217,0.956302,0.110995,0.102974,2.14313e-06,4.90944e-07,3.90771e-07,4.36532,5.48436,1.25635,1.60562,4.16295e-12,3.83694e-13,1.67495e-12,2.10431e-12,0.584137,0.413529,1.06002,43.0546,33.3167,31.4612,1,1,1.37487e-06,1004,0.846147,0.0338645,0.0876494,0.0776892,1,1.49987e-06,1.00888e-06,1.05498e-06,1.48666,1.4217,1.06002,1,,1,0,,,,,,0,0,1,,,,,,,
,,,345,6.73828e-19,1.51277e-06,8.83883e-07,9.29984e-07,1.63777e-06,1.00888e-06,1.05498e-06,1.52061e-06,9.848e-07,9.57789e-07,1.54408,1.58762,1.0282,1.7115,1.62666,0.950429,1.62334,1.55241,0.956302,0.118115,0.109398,2.38622e-06,4.71842e-07,3.57008e-07,5.05723,6.68393,1.32166,1.67635,4.29254e-12,3.36903e-13,1.7038e-12,2.25184e-12,0.541885,0.386554,0.917755,44.7227,33.5228,31.8559,1,1,1.51277e-06,1056,0.830809,0.0265152,0.0909091,0.0842803,1,1.63777e-06,1.00888e-06,1.05498e-06,1.62334,1.55241,0.917755,1,,1,0,,,,,,0,0,1,,,,,,,
,,,347,6.77734e-19,1.51277e-06,8.83883e-07,9.29984e-07,1.63777e-06,1.00888e-06,1.05498e-06,1.52061e-06,9.848e-07,9.57789e-07,1.54408,1.58762,1.0282,1.7115,1.62666,0.950429,1.62334,1.55241,0.956302,0.118115,0.109398,2.6002e-06,4.5981e-07,3.26932e-07,5.65495,7.95334,1.40644,1.73387,4.39203e-12,3.00653e-13,1.70018e-12,2.3912e-12,0.545026,0.388795,0.480469,44.895,33.6538,32.0322,1,1,1.51277e-06,1099,0.817155,0.021838,0.089172,0.0946315,1,1.63777e-06,1.00888e-06,1.05498e-06,1.62334,1.55241,0.480469,1,,1,0,,,,,,0,0,1,,,,,,,
,,,359,7.01172e-19,1.59098e-06,1.06066e-06,9.29984e-07,1.71598e-06,1.18566e-06,1.05498e-06,1.59923e-06,1.15736e-06,9.57789e-07,1.38179,1.66971,1.20836,1.49999,1.71076,1.14051,1.44728,1.62655,1.12387,0.0927306,0.113115,2.9704e-06,4.22143e-07,2.97054e-07,7.03648,9.99954,1.4211,1.88241,4.5234e-12,2.50798e-13,1.76474e-12,2.50787e-12,0.446795,0.326668,0.208515,46.8032,35.1568,32.2271,1,1,1.59098e-06,1147,0.807906,0.0139494,0.092415,0.106364,1,1.71598e-06,1.18566e-06,1.05498e-06,1.44728,1.62655,0.208515,1,,1,0,,,,,,0,0,1,,,,,,,
,,,375,7.32422e-19,1.66919e-06,1.06066e-06,9.29984e-07,1.79419e-06,1.18566e-06,1.05498e-06,1.67785e-06,1.15736e-06,9.57789e-07,1.44972,1.75179,1.20836,1.57373,1.79486,1.14051,1.51324,1.70068,1.12387,0.0956119,0.11688,3.07753e-06,4.24958e-07,2.91327e-07,7.24196,10.5638,1.4587,1.92234,4.65639e-12,2.47604e-13,1.79314e-12,2.61564e-12,0.444839,0.326352,0.542917,50.418,36.5772,32.4102,1,1,1.66919e-06,1197,0.79418,0.0108605,0.0893901,0.122807,1,1.79419e-06,1.18566e-06,1.05498e-06,1.51324,1.70068,0.542917,1,,1,0,,,,,,0,0,1,,,,,,,
,,,390,7.61719e-19,1.73814e-06,1.06066e-06,9.29984e-07,1.86314e-06,1.18566e-06,1.05498e-06,1.74715e-06,1.15736e-06,9.57789e-07,1.50961,1.82415,1.20836,1.63874,1.869,1.14051,1.5714,1.76604,1.12387,0.0981838,0.120233,3.28255e-06,4.21787e-07,2.81958e-07,7.78248,11.642,1.49592,1.95122,4.858e-12,2.37853e-13,1.85108e-12,2.76907e-12,0.444281,0.326846,1.04079,54.2043,37.3708,32.67,1,1,1.73814e-06,1261,0.783557,0.00793021,0.0840603,0.125297,1,1.86314e-06,1.18566e-06,1.05498e-06,1.5714,1.76604,1.04079,1,,1,0,,,,,,0,0,1,,,,,,,
,,,403,7.87109e-19,1.80709e-06,1.06066e-06,9.29984e-07,1.93209e-06,1.18566e-06,1.05498e-06,1.81646e-06,1.15736e-06,9.57789e-07,1.56949,1.89651,1.20836,1.70374,1.94314,1.14051,1.62955,1.83139,1.12387,0.100783,0.123617,3.49681e-06,4.16955e-07,2.67875e-07,8.38654,13.0539,1.55652,2.01531,5.01282e-12,2.23384e-13,1.87342e-12,2.91602e-12,0.441574,0.325688,1.30801,58.2608,37.8746,32.7513,1,1,1.80709e-06,1314,0.776437,0.00608828,0.0898021,0.131659,1,1.93209e-06,1.18566e-06,1.05498e-06,1.62955,1.83139,1.30801,1,,1,0,,,,,,0,0,1,,,,,,,
,,,408,7.96875e-19,1.87604e-06,1.06066e-06,9.29984e-07,2.00104e-06,1.18566e-06,1.05498e-06,1.88576e-06,1.15736e-06,9.57789e-07,1.62937,1.96887,1.20836,1.76874,2.01728,1.14051,1.6877,1.89675,1.12387,0.103408,0.127029,3.67639e-06,4.32124e-07,2.50875e-07,8.50771,14.6543,1.72247,1.99942,5.23875e-12,2.16818e-13,1.84463e-12,3.17731e-12,0.430623,0.318368,0.983007,60.0034,38.0783,32.7584,1,1,1.87604e-06,1382,0.770954,0.00578871,0.0918958,0.144718,1,2.00104e-06,1.18566e-06,1.05498e-06,1.6877,1.89675,0.983007,1,,1,0,,,,,,0,0,1,,,,,,,
,,,428,8.35938e-19,2.0232e-06,1.06066e-06,9.29984e-07,2.1482e-06,1.18566e-06,1.05498e-06,2.03369e-06,1.15736e-06,9.57789e-07,1.75718,2.12331,1.20836,1.90749,2.17552,1.14051,1.81182,2.03624,1.12387,0.109088,0.134394,4.02304e-06,4.22406e-07,2.32242e-07,9.52412,17.3227,1.81882,2.11811,5.46355e-12,1.962e-13,1.86864e-12,3.39871e-12,0.418874,0.311095,1.48906,62.5633,40.1479,33.7625,1,1,2.0232e-06,1449,0.769043,0.00552105,0.0966184,0.15942,1,2.1482e-06,1.18566e-06,1.05498e-06,1.81182,2.03624,1.48906,1,,1,0,,,,,,0,0,1,,,,,,,
,,,438,8.55469e-19,2.0232e-06,1.06066e-06,9.29984e-07,2.1482e-06,1.18566e-06,1.05498e-06,2.03369e-06,1.15736e-06,9.57789e-07,1.75718,2.12331,1.20836,1.90749,2.17552,1.14051,1.81182,2.03624,1.12387,0.109088,0.134394,4.29553e-06,4.0694e-07,2.22321e-07,10.5557,19.3213,1.83042,2.20129,5.58696e-12,1.80943e-13,1.90997e-12,3.49605e-12,0.428661,0.318364,1.64982,63.0946,41.5901,34.0747,1,1,2.0232e-06,1494,0.761457,0.0060241,0.105756,0.167336,1,2.1482e-06,1.18566e-06,1.05498e-06,1.81182,2.03624,1.64982,1,,1,0,,,,,,0,0,1,,,,,,,
,,,444,8.67188e-19,2.17036e-06,1.06066e-06,9.29984e-07,2.29536e-06,1.18566e-06,1.05498e-06,2.18161e-06,1.15736e-06,9.57789e-07,1.88499,2.27776,1.20836,2.04624,2.33376,1.14051,1.93593,2.17573,1.12387,0.11486,0.141859,4.40127e-06,4.14707e-07,2.17325e-07,10.613,20.252,1.90824,2.18617,5.74374e-12,1.80252e-13,1.91301e-12,3.65047e-12,0.405069,0.302034,1.29575,65.1279,42.0588,34.1142,1,1,2.17036e-06,1547,0.753017,0.00581771,0.109244,0.173239,1,2.29536e-06,1.18566e-06,1.05498e-06,1.93593,2.17573,1.29575,1,,1,0,,,,,,0,0,1,,,,,,,
,,,449,8.76953e-19,2.17036e-06,1.06066e-06,9.29984e-07,2.29536e-06,1.18566e-06,1.05498e-06,2.18161e-06,1.15736e-06,9.57789e-07,1.88499,2.27776,1.20836,2.04624,2.33376,1.14051,1.93593,2.17573,1.12387,0.11486,0.141859,4.65132e-06,4.0882e-07,2.0734e-07,11.3774,22.4333,1.97174,2.22426,5.90144e-12,1.69529e-13,1.92881e-12,3.8031e-12,0.409631,0.305435,0.999889,67.0403,42.1225,34.2047,1,1,2.17036e-06,1600,0.74591,0.00625,0.106875,0.1825,1,2.29536e-06,1.18566e-06,1.05498e-06,1.93593,2.17573,0.999889,1,,1,0,,,,,,0,0,1,,,,,,,
,,,457,8.92578e-19,2.38647e-06,1.06066e-06,9.29984e-07,2.51147e-06,1.18566e-06,1.05498e-06,2.39884e-06,1.15736e-06,9.57789e-07,2.07269,2.50456,1.20836,2.24998,2.56614,1.14051,2.1182,2.38058,1.12387,0.123475,0.152969,4.85397e-06,4.07752e-07,2.02665e-07,11.9042,23.9507,2.01195,2.22523,6.09116e-12,1.65274e-13,1.96746e-12,3.95843e-12,0.379174,0.284127,0.761846,70.3147,42.2311,34.3363,2,0.997812,2.23931e-06,1659,0.741476,0.00602773,0.110307,0.192887,1,2.36431e-06,1.18566e-06,1.05498e-06,1.99409,2.24108,0.810809,0.997812,,1,0.00218818,,,,,,0,0,1,,,,,,,
,,,468,9.14063e-19,2.38647e-06,1.06066e-06,9.29984e-07,2.51147e-06,1.18566e-06,1.05498e-06,2.39884e-06,1.15736e-06,9.57789e-07,2.07269,2.50456,1.20836,2.24999,2.56614,1.14051,2.1182,2.38058,1.12387,0.123475,0.152969,5.0535e-06,4.05436e-07,1.98186e-07,12.4644,25.4988,2.04574,2.25107,6.26151e-12,1.60703e-13,2.00307e-12,4.09774e-12,0.388301,0.290966,0.983488,73.4201,42.9906,34.4614,1,1,2.38647e-06,1714,0.734529,0.00641774,0.113186,0.20245,1,2.51147e-06,1.18566e-06,1.05498e-06,2.1182,2.38058,0.983488,1,,1,0,,,,,,0,0,1,,,,,,,
,,,486,9.49219e-19,2.38647e-06,1.06066e-06,9.29984e-07,2.51147e-06,1.18566e-06,1.05498e-06,2.39884e-06,1.15736e-06,9.57789e-07,2.07269,2.50456,1.20836,2.24999,2.56614,1.14051,2.1182,2.38058,1.12387,0.123475,0.152969,5.20763e-06,4.01682e-07,1.96379e-07,12.9646,26.5182,2.04544,2.31072,6.38673e-12,1.57764e-13,2.04534e-12,4.18363e-12,0.403235,0.302157,0.55456,77.154,44.7425,34.7316,1,1,2.38647e-06,1760,0.730576,0.00454545,0.1125,0.210227,1,2.51147e-06,1.18566e-06,1.05498e-06,2.1182,2.38058,0.55456,1,,1,0,,,,,,0,0,1,,,,,,,
,,,503,9.82422e-19,2.52436e-06,1.06066e-06,9.29984e-07,2.64936e-06,1.18566e-06,1.05498e-06,2.53745e-06,1.15736e-06,9.57789e-07,2.19245,2.64928,1.20836,2.37999,2.71442,1.14051,2.23451,2.51129,1.12387,0.129045,0.160137,5.43653e-06,4.01028e-07,1.91269e-07,13.5565,28.4235,2.09668,2.35591,6.59348e-12,1.53408e-13,2.07967e-12,4.3604e-12,0.394543,0.296449,0.818724,82.2143,45.8403,34.9118,1,1,2.52436e-06,1821,0.72589,0.00274574,0.108731,0.21966,1,2.64936e-06,1.18566e-06,1.05498e-06,2.23451,2.51129,0.818724,1,,1,0,,,,,,0,0,1,,,,,,,
