step,variant,ncell,V,L,W,T,Lb,Wb,Tb,L_cal,W_cal,T_cal,LW_cal,LT_cal,WT_cal,LWo,LTo,WTo,LW,LT,WT,LW_pm,LT_pm,LA,WA,TA,LWA,LTA,WTA,fill_A,A_tot,A_a,A_w,A_n,fill,fill_n,ang_a_deg,sv0,sv1,sv2,ncomp,frac_big,L_big,nif,gmed,f_a,f_w,f_n,box_touch,band_bad,ok,dG_max,nreinit,nskip,regflip,adv_wall,reinit_wall,reinit_pairs
0,1,232,4.53125e-19,2.45877e-07,3.53553e-07,3.98672e-06,3.70877e-07,4.78553e-07,4.11172e-06,,,,,,,0.695444,0.061674,0.0886828,0.774995,0.0901999,0.116388,0.165232,0.0152622,2.20055e-07,5.39351e-07,3.06045e-06,0.407999,0.0719029,0.176233,1.24747,4.88562e-12,3.30131e-12,1.34693e-12,2.37374e-13,1.30747,0.620919,89.8638,143.999,15.3623,8.8467,1,1,2.45877e-07,1108,0.899257,0.574007,0.198556,0.0270758,0,0,1,,,,,,,
4,1,232,4.53125e-19,2.45877e-07,3.53553e-07,3.98672e-06,3.70877e-07,4.78553e-07,4.11172e-06,,,,,,,0.695444,0.061674,0.0886828,0.774995,0.0901999,0.116388,0.165232,0.0152622,3.00981e-07,4.38199e-07,3.85753e-06,0.68686,0.0780243,0.113596,0.890632,5.9666e-12,3.38073e-12,2.32209e-12,2.63779e-13,1.30747,0.620919,89.8638,143.999,15.3623,8.8467,1,1,2.45877e-07,1348,0.899086,0.485163,0.31454,0.0296736,0,0,1,,,,,,,
8,1,240,4.6875e-19,2.54773e-07,3.53553e-07,4.12461e-06,3.79773e-07,4.78553e-07,4.24961e-06,,,,,,,0.720608,0.0617691,0.085718,0.793586,0.0893666,0.112611,0.16673,0.0147658,2.85727e-07,4.23913e-07,4.19554e-06,0.674023,0.0681026,0.101039,0.922411,6.1969e-12,3.55709e-12,2.39756e-12,2.42247e-13,1.26168,0.606928,89.9404,149.095,15.4919,9.09484,1,1,2.54773e-07,1419,0.880721,0.476392,0.297393,0.0246653,0,0,1,,,,,,,
12,1,304,5.9375e-19,2.60547e-07,5.3033e-07,4.12461e-06,3.85547e-07,6.5533e-07,4.24961e-06,,,,,,,0.491293,0.0631689,0.128577,0.588325,0.0907253,0.154209,0.110653,0.0147676,2.79253e-07,4.2506e-07,4.26012e-06,0.656972,0.0655503,0.0997764,1.17418,6.23831e-12,3.62161e-12,2.3793e-12,2.37398e-13,1.04181,0.552989,89.9315,162.802,22.7596,10.2676,1,1,2.60547e-07,1444,0.866994,0.475069,0.286704,0.0152355,0,0,1,,,,,,,
16,1,328,6.40625e-19,2.60547e-07,5.3033e-07,4.26251e-06,3.85547e-07,6.5533e-07,4.38751e-06,,,,,,,0.491293,0.0611254,0.124417,0.588325,0.0878739,0.149363,0.110653,0.0142999,2.54027e-07,4.18416e-07,4.57031e-06,0.607116,0.055582,0.0915508,1.31877,6.35913e-12,3.82459e-12,2.32197e-12,2.12578e-13,1.08769,0.577894,89.9968,170.042,24.6577,10.5645,1,1,2.60547e-07,1483,0.86059,0.478085,0.275792,0.00944032,0,0,1,,,,,,,
20,1,348,6.79688e-19,2.77853e-07,5.3033e-07,4.26251e-06,4.02853e-07,6.5533e-07,4.38751e-06,,,,,,,0.523925,0.0651853,0.124417,0.614733,0.0918182,0.149363,0.111951,0.0143049,2.16707e-07,3.76706e-07,5.21712e-06,0.575269,0.0415377,0.0722058,1.59589,6.35509e-12,3.93064e-12,2.26118e-12,1.6327e-13,1.08214,0.586793,89.9133,179.273,25.6125,11.2301,1,1,2.77853e-07,1495,0.853168,0.479599,0.264883,0.00802676,0,0,1,,,,,,,
24,1,348,6.79688e-19,2.77853e-07,5.3033e-07,4.26251e-06,4.02853e-07,6.5533e-07,4.38751e-06,,,,,,,0.523925,0.0651853,0.124417,0.614733,0.0918182,0.149363,0.111951,0.0143049,2.04423e-07,3.7134e-07,5.41436e-06,0.550501,0.0377557,0.0685842,1.65372,6.38659e-12,4.02113e-12,2.21364e-12,1.51821e-13,1.08214,0.586793,89.9133,179.273,25.6125,11.2301,1,1,2.77853e-07,1514,0.84455,0.482166,0.253633,0.00792602,0,0,1,,,,,,,
28,1,352,6.875e-19,2.77853e-07,5.3033e-07,4.26251e-06,4.02853e-07,6.5533e-07,4.38751e-06,,,,,,,0.523925,0.0651853,0.124417,0.614733,0.0918182,0.149363,0.111951,0.0143049,1.7776e-07,3.37594e-07,6.08038e-06,0.526551,0.0292351,0.0555218,1.88414,6.38711e-12,4.10539e-12,2.1617e-12,1.20021e-13,1.09458,0.593538,89.8445,180.181,25.7682,11.4319,1,1,2.77853e-07,1526,0.838064,0.482307,0.246396,0.00524246,0,0,1,,,,,,,
32,1,358,6.99219e-19,2.77853e-07,5.3033e-07,4.26251e-06,4.02853e-07,6.5533e-07,4.38751e-06,,,,,,,0.523925,0.0651853,0.124417,0.614733,0.0918182,0.149363,0.111951,0.0143049,1.47313e-07,2.96182e-07,7.13626e-06,0.497374,0.0206429,0.0415038,2.24565,6.41706e-12,4.22726e-12,2.10253e-12,8.7263e-14,1.11323,0.603655,89.8844,181.75,26.1151,11.7182,1,1,2.77853e-07,1543,0.835018,0.487362,0.237848,0.00518471,0,0,1,,,,,,,
36,1,362,7.07031e-19,2.77853e-07,5.3033e-07,4.26251e-06,4.02853e-07,6.5533e-07,4.38751e-06,,,,,,,0.523925,0.0651853,0.124417,0.614733,0.0918182,0.149363,0.111951,0.0143049,1.41119e-07,3.0296e-07,7.12618e-06,0.4658,0.0198029,0.0425136,2.32067,6.41467e-12,4.31789e-12,2.01127e-12,8.55065e-14,1.12567,0.610399,89.8647,181.829,26.4575,11.9082,1,1,2.77853e-07,1555,0.823426,0.489389,0.23537,0.00771704,0,0,1,,,,,,,
40,1,366,7.14844e-19,2.80984e-07,5.3033e-07,4.26251e-06,4.05984e-07,6.5533e-07,4.38751e-06,,,,,,,0.529828,0.0659199,0.124417,0.619511,0.0925318,0.149363,0.11219,0.0143058,1.34438e-07,3.04848e-07,7.27389e-06,0.441,0.0184823,0.0419099,2.39794,6.4726e-12,4.43486e-12,1.95577e-12,8.19664e-14,1.12543,0.612385,89.9576,183.351,26.4953,12.1253,1,1,2.80984e-07,1579,0.813165,0.492084,0.227992,0.00823306,0,0,1,,,,,,,
44,1,366,7.14844e-19,2.80984e-07,5.3033e-07,4.26251e-06,4.05984e-07,6.5533e-07,4.38751e-06,,,,,,,0.529828,0.0659199,0.124417,0.619511,0.0925318,0.149363,0.11219,0.0143058,1.37217e-07,3.28564e-07,6.88129e-06,0.417625,0.0199405,0.0477475,2.30417,6.50051e-12,4.52189e-12,1.88845e-12,9.01689e-14,1.12543,0.612385,89.9576,183.351,26.4953,12.1253,1,1,2.80984e-07,1598,0.805814,0.491865,0.220901,0.00813517,0,0,1,,,,,,,
48,1,372,7.26563e-19,2.86758e-07,5.3033e-07,4.26251e-06,4.11758e-07,6.5533e-07,4.38751e-06,,,,,,,0.540716,0.0672745,0.124417,0.628321,0.0938478,0.149363,0.112635,0.0143076,1.33046e-07,3.07956e-07,7.50831e-06,0.432029,0.0177199,0.0410154,2.36178,6.70431e-12,4.62446e-12,1.9979e-12,8.19448e-14,1.12085,0.613696,89.9786,183.832,26.6458,12.4471,1,1,2.86758e-07,1651,0.798242,0.488795,0.229558,0.00545124,0,0,1,,,,,,,
52,1,376,7.34375e-19,2.92524e-07,5.3033e-07,4.26251e-06,4.17524e-07,6.5533e-07,4.38751e-06,,,,,,,0.551588,0.0686271,0.124417,0.63712,0.0951619,0.149363,0.113084,0.0143093,1.36914e-07,2.80113e-07,8.50983e-06,0.488783,0.016089,0.0329163,2.25017,7.17436e-12,4.76742e-12,2.33023e-12,7.67028e-14,1.11057,0.611729,89.986,183.841,26.6833,12.6653,1,1,2.92524e-07,1764,0.802894,0.465986,0.262472,0.00680272,0,0,1,,,,,,,
56,1,383,7.48047e-19,2.92524e-07,5.3033e-07,4.26251e-06,4.17524e-07,6.5533e-07,4.38751e-06,,,,,,,0.551588,0.0686271,0.124417,0.63712,0.0951619,0.149363,0.113084,0.0143093,1.40389e-07,2.83721e-07,8.581e-06,0.494814,0.0163604,0.0330638,2.1886,7.35824e-12,4.86922e-12,2.40936e-12,7.96625e-14,1.13124,0.623117,89.8852,187.529,27.1846,12.9001,1,1,2.92524e-07,1820,0.792714,0.46044,0.262637,0.00769231,0,0,1,,,,,,,
60,1,390,7.61719e-19,2.98298e-07,5.3033e-07,4.26251e-06,4.23298e-07,6.5533e-07,4.38751e-06,,,,,,,0.562475,0.0699817,0.124417,0.64593,0.0964779,0.149363,0.113538,0.0143111,1.46618e-07,2.99238e-07,8.30877e-06,0.489972,0.0176462,0.0360147,2.08956,7.49677e-12,4.97259e-12,2.43643e-12,8.77473e-14,1.12962,0.625851,89.9298,190.25,27.4955,13.1641,1,1,2.98298e-07,1867,0.787365,0.460632,0.266202,0.0085699,0,0,1,,,,,,,
64,1,392,7.65625e-19,2.98298e-07,5.3033e-07,4.26251e-06,4.23298e-07,6.5533e-07,4.38751e-06,,,,,,,0.562475,0.0699817,0.124417,0.64593,0.0964779,0.149363,0.113538,0.0143111,1.41979e-07,2.92699e-07,8.65885e-06,0.485068,0.016397,0.0338035,2.1277,7.61074e-12,5.06888e-12,2.45875e-12,8.31143e-14,1.13542,0.62906,89.9577,190.53,27.4955,13.2731,1,1,2.98298e-07,1906,0.784375,0.459601,0.267576,0.00734523,0,0,1,,,,,,,
68,1,396,7.73438e-19,2.98298e-07,5.3033e-07,4.26251e-06,4.23298e-07,6.5533e-07,4.38751e-06,,,,,,,0.562475,0.0699817,0.124417,0.64593,0.0964779,0.149363,0.113538,0.0143111,1.34869e-07,2.81716e-07,9.06951e-06,0.47874,0.0148706,0.0310619,2.24449,7.63244e-12,5.11006e-12,2.44639e-12,7.59896e-14,1.147,0.635479,89.9646,190.54,27.8209,13.4781,1,1,2.98298e-07,1924,0.778577,0.455821,0.257277,0.00623701,0,0,1,,,,,,,
72,1,409,7.98828e-19,3.07194e-07,7.07107e-07,4.26251e-06,4.32194e-07,8.32107e-07,4.38751e-06,,,,,,,0.434438,0.0720689,0.16589,0.519398,0.0985057,0.189654,0.0846378,0.0143139,1.3287e-07,2.83191e-07,9.11447e-06,0.469188,0.0145779,0.0310705,2.32925,7.6596e-12,5.16227e-12,2.42208e-12,7.5255e-14,0.86276,0.506264,89.7652,195.288,28.705,13.8247,1,1,3.07194e-07,1943,0.772681,0.453937,0.241379,0.00566135,0,0,1,,,,,,,
76,1,428,8.35938e-19,3.12968e-07,7.07107e-07,4.26251e-06,4.37968e-07,8.32107e-07,4.38751e-06,,,,,,,0.442604,0.0734235,0.16589,0.526337,0.0998217,0.189654,0.0848793,0.0143158,1.2635e-07,2.74745e-07,9.51425e-06,0.459881,0.0132801,0.0288772,2.53102,7.70165e-12,5.22798e-12,2.40425e-12,6.94278e-14,0.886183,0.522798,89.8192,201.493,30.3645,14.271,1,1,3.12968e-07,1968,0.767787,0.456809,0.22561,0.00558943,0,0,1,,,,,,,
80,1,442,8.63281e-19,3.18734e-07,7.07107e-07,4.26251e-06,4.43734e-07,8.32107e-07,4.38751e-06,,,,,,,0.450758,0.0747762,0.16589,0.533266,0.101136,0.189654,0.0851229,0.0143177,1.3242e-07,2.98863e-07,8.9535e-06,0.44308,0.0147898,0.0333795,2.43631,7.80214e-12,5.35174e-12,2.37125e-12,7.91511e-14,0.898615,0.532884,89.792,202.807,31.4325,14.7255,1,1,3.18734e-07,2007,0.763914,0.457897,0.212257,0.00597907,0,0,1,,,,,,,
84,1,452,8.82813e-19,3.18734e-07,7.07107e-07,4.26251e-06,4.43734e-07,8.32107e-07,4.38751e-06,,,,,,,0.450758,0.0747762,0.16589,0.533266,0.101136,0.189654,0.0851229,0.0143177,2.17483e-07,5.01279e-07,4.80403e-06,0.433856,0.0452709,0.104345,1.68561,7.12395e-12,4.81632e-12,2.08959e-12,2.18039e-13,0.918946,0.54494,89.8208,205.563,32.6792,14.7914,1,1,3.18734e-07,1478,0.991204,0.50406,0.148173,0.0108254,0,0,1,,,,,,,
88,1,461,9.00391e-19,3.24508e-07,7.07107e-07,4.26251e-06,4.49508e-07,8.32107e-07,4.38751e-06,,,,,,,0.458924,0.0761308,0.16589,0.540205,0.102452,0.189654,0.0853694,0.0143196,2.04578e-07,4.70771e-07,5.36033e-06,0.434559,0.0381651,0.0878249,1.7441,7.4328e-12,5.04697e-12,2.19321e-12,1.92618e-13,0.920567,0.548651,89.9254,207.05,33.1658,15.2228,1,1,3.24508e-07,1547,0.989835,0.495798,0.159017,0.0103426,0,0,1,,,,,,,
92,1,484,9.45313e-19,3.24508e-07,7.07107e-07,4.26251e-06,4.49508e-07,8.32107e-07,4.38751e-06,,,,,,,0.458924,0.0761308,0.16589,0.540205,0.102452,0.189654,0.0853694,0.0143196,2.02419e-07,4.8556e-07,5.36392e-06,0.416878,0.0377372,0.0905234,1.79308,7.5771e-12,5.20901e-12,2.17152e-12,1.96573e-13,0.966495,0.576025,89.9676,209.678,35.8271,15.4947,1,1,3.24508e-07,1585,0.985021,0.495899,0.157729,0.00567823,0,0,1,,,,,,,
96,1,508,9.92188e-19,3.3027e-07,7.07107e-07,4.26251e-06,4.5527e-07,8.32107e-07,4.38751e-06,,,,,,,0.467072,0.0774825,0.16589,0.547129,0.103765,0.189654,0.0856178,0.0143215,1.76161e-07,4.50826e-07,5.98555e-06,0.390752,0.0294311,0.0753192,2.08723,7.66457e-12,5.39689e-12,2.10885e-12,1.58837e-13,0.996724,0.596936,89.9574,214.557,38.17,15.9426,1,1,3.3027e-07,1612,0.980612,0.498759,0.152605,0.00806452,0,0,1,,,,,,,
100,1,522,1.01953e-18,3.44945e-07,7.07107e-07,4.26251e-06,4.69945e-07,8.32107e-07,4.38751e-06,,,,,,,0.487825,0.0809253,0.16589,0.564765,0.10711,0.189654,0.0862614,0.0143265,1.42918e-07,3.80629e-07,7.31728e-06,0.375477,0.0195315,0.0520179,2.56131,7.77068e-12,5.57035e-12,2.09154e-12,1.08797e-13,0.980621,0.594233,89.9812,218.282,38.704,16.5621,1,1,3.44945e-07,1641,0.977978,0.502133,0.152346,0.00853138,0,0,1,,,,,,,
104,1,524,1.02344e-18,3.44945e-07,7.07107e-07,4.26251e-06,4.69945e-07,8.32107e-07,4.38751e-06,,,,,,,0.487825,0.0809253,0.16589,0.564765,0.10711,0.189654,0.0862614,0.0143265,1.43305e-07,3.91567e-07,7.25187e-06,0.365979,0.0197611,0.0539953,2.51504,7.86987e-12,5.67918e-12,2.07846e-12,1.12227e-13,0.984378,0.59651,89.989,219.094,38.8648,16.6246,1,1,3.44945e-07,1671,0.97344,0.505685,0.147816,0.00718133,0,0,1,,,,,,,
108,1,548,1.07031e-18,3.44945e-07,7.07107e-07,4.26251e-06,4.69945e-07,8.32107e-07,4.38751e-06,,,,,,,0.487825,0.0809253,0.16589,0.564765,0.10711,0.189654,0.0862614,0.0143265,1.40154e-07,3.91118e-07,7.33002e-06,0.358342,0.0191205,0.0533584,2.66374,7.8981e-12,5.7338e-12,2.05466e-12,1.09633e-13,1.02946,0.623831,89.8739,226.912,40.2115,17.5739,1,1,3.44945e-07,1686,0.969673,0.504745,0.141163,0.00533808,0,0,1,,,,,,,
112,1,550,1.07422e-18,3.44945e-07,7.07107e-07,4.26251e-06,4.69945e-07,8.32107e-07,4.38751e-06,,,,,,,0.487825,0.0809253,0.16589,0.564765,0.10711,0.189654,0.0862614,0.0143265,1.19757e-07,3.5141e-07,8.37503e-06,0.340789,0.0142993,0.0419593,3.04783,7.97625e-12,5.88615e-12,2.00594e-12,8.41676e-14,1.03322,0.626108,89.8379,227.716,40.3237,17.6549,1,1,3.44945e-07,1710,0.967099,0.505263,0.132164,0.00467836,0,0,1,,,,,,,
116,1,553,1.08008e-18,3.5071e-07,7.07107e-07,4.33145e-06,4.7571e-07,8.32107e-07,4.45645e-06,,,,,,,0.495979,0.0809683,0.163249,0.571694,0.106746,0.186719,0.0865186,0.0141043,1.14135e-07,3.38495e-07,8.86451e-06,0.337182,0.0128755,0.0381855,3.15378,8.10195e-12,6.00119e-12,2.02349e-12,7.7268e-14,1.00551,0.612272,89.8381,228.459,40.3298,17.7782,1,1,3.5071e-07,1743,0.963408,0.508319,0.124498,0.00458979,0,0,1,,,,,,,
120,1,561,1.0957e-18,3.76921e-07,7.07107e-07,4.4004e-06,5.01921e-07,8.32107e-07,4.5254e-06,,,,,,,0.533047,0.085656,0.160691,0.603193,0.110912,0.183875,0.0877168,0.0138956,1.13858e-07,3.3044e-07,9.17743e-06,0.344565,0.0124063,0.0360057,3.17334,8.23026e-12,6.06517e-12,2.08985e-12,7.52464e-14,0.934255,0.579724,89.8142,231.115,40.6442,18.0103,1,1,3.76921e-07,1778,0.958848,0.507874,0.120922,0.00449944,0,0,1,,,,,,,
124,1,576,1.125e-18,3.76921e-07,7.07107e-07,4.4004e-06,5.01921e-07,8.32107e-07,4.5254e-06,,,,,,,0.533047,0.085656,0.160691,0.603193,0.110912,0.183875,0.0877168,0.0138956,1.13567e-07,3.27547e-07,9.42906e-06,0.34672,0.0120444,0.0347381,3.20744,8.39298e-12,6.17692e-12,2.14166e-12,7.43971e-14,0.959235,0.595225,89.8904,233.929,41.2309,18.6855,1,1,3.76921e-07,1821,0.953412,0.507414,0.118616,0.00384404,0,0,1,,,,,,,
