step,t_s,dt,ncell,V,L,W,T,Lb,Wb,Tb,L_cal,W_cal,T_cal,LW_cal,LT_cal,WT_cal,LWo,LTo,WTo,LW,LT,WT,LW_pm,LT_pm,LA,WA,TA,LWA,LTA,WTA,fill_A,A_tot,A_a,A_w,A_n,fill,fill_n,ang_a_deg,sv0,sv1,sv2,ncomp,frac_big,L_big,nif,gmed,f_a,f_w,f_n,box_touch,band_bad,ok,dG_max,nreinit,nskip,regflip,adv_wall,reinit_wall,reinit_pairs
,,,232,4.53125e-19,3.98672e-06,3.53553e-07,2.45877e-07,4.11172e-06,4.78553e-07,3.70877e-07,4e-06,5e-07,2.5e-07,8,16,2,11.2761,16.2143,1.43793,8.59197,11.0865,1.29033,1.1297,1.87587,3.06045e-06,5.39351e-07,2.20055e-07,5.67431,13.9076,2.45099,1.24747,4.88562e-12,2.37374e-13,1.34693e-12,3.30131e-12,1.30747,0.620919,0.136168,143.999,15.3623,8.8467,1,1,3.98672e-06,1108,0.899257,0.0270758,0.198556,0.574007,0,0,1,,,,,,,
,,,232,4.53125e-19,3.98672e-06,3.53553e-07,2.45877e-07,4.11172e-06,4.78553e-07,3.70877e-07,4e-06,5e-07,2.5e-07,8,16,2,11.2761,16.2143,1.43793,8.59197,11.0865,1.29033,1.1297,1.87587,3.85753e-06,4.38199e-07,3.00981e-07,8.80316,12.8165,1.4559,0.890632,5.9666e-12,2.63779e-13,2.32209e-12,3.38073e-12,1.30747,0.620919,0.136168,143.999,15.3623,8.8467,1,1,3.98672e-06,1348,0.899086,0.0296736,0.31454,0.485163,0,0,1,,,,,,,
,,,240,4.6875e-19,4.12461e-06,3.53553e-07,2.54773e-07,4.24961e-06,4.78553e-07,3.79773e-07,4.13835e-06,5e-07,2.59046e-07,8.27671,15.9754,1.93016,11.6662,16.1893,1.38772,8.88012,11.1899,1.2601,1.16709,1.84887,4.19554e-06,4.23913e-07,2.85727e-07,9.89716,14.6837,1.48363,0.922411,6.1969e-12,2.42247e-13,2.39756e-12,3.55709e-12,1.26168,0.606928,0.0595872,149.095,15.4919,9.09484,1,1,4.12461e-06,1419,0.880721,0.0246653,0.297393,0.476392,0,0,1,,,,,,,
,,,304,5.9375e-19,4.12461e-06,5.3033e-07,2.60547e-07,4.24961e-06,6.5533e-07,3.85547e-07,4.13835e-06,6.84699e-07,2.64917e-07,6.04405,15.6213,2.58458,7.77744,15.8306,2.03545,6.48469,11.0223,1.69974,0.625767,1.79413,4.26012e-06,4.2506e-07,2.79253e-07,10.0224,15.2555,1.52213,1.17418,6.23831e-12,2.37398e-13,2.3793e-12,3.62161e-12,1.04181,0.552989,0.0684929,162.802,22.7596,10.2676,1,1,4.12461e-06,1444,0.866994,0.0152355,0.286704,0.475069,0,0,1,,,,,,,
,,,328,6.40625e-19,4.26251e-06,5.3033e-07,2.60547e-07,4.38751e-06,6.5533e-07,3.85547e-07,4.27671e-06,6.84699e-07,2.64917e-07,6.24611,16.1436,2.58458,8.03746,16.3598,2.03545,6.69511,11.3799,1.69974,0.645608,1.85188,4.57031e-06,4.18416e-07,2.54027e-07,10.9229,17.9914,1.64713,1.31877,6.35913e-12,2.12578e-13,2.32197e-12,3.82459e-12,1.08769,0.577894,0.00319114,170.042,24.6577,10.5645,1,1,4.26251e-06,1483,0.86059,0.00944032,0.275792,0.478085,0,0,1,,,,,,,
,,,348,6.79688e-19,4.26251e-06,5.3033e-07,2.77853e-07,4.38751e-06,6.5533e-07,4.02853e-07,4.27671e-06,6.84699e-07,2.82512e-07,6.24612,15.1381,2.42361,8.03746,15.3409,1.90867,6.69511,10.8911,1.62672,0.645608,1.69679,5.21712e-06,3.76706e-07,2.16707e-07,13.8493,24.0745,1.73832,1.59589,6.35509e-12,1.6327e-13,2.26118e-12,3.93064e-12,1.08214,0.586793,0.0866696,179.273,25.6125,11.2301,1,1,4.26251e-06,1495,0.853168,0.00802676,0.264883,0.479599,0,0,1,,,,,,,
,,,348,6.79688e-19,4.26251e-06,5.3033e-07,2.77853e-07,4.38751e-06,6.5533e-07,4.02853e-07,4.27671e-06,6.84699e-07,2.82512e-07,6.24612,15.1381,2.42361,8.03746,15.3409,1.90867,6.69511,10.8911,1.62672,0.645608,1.69679,5.41436e-06,3.7134e-07,2.04423e-07,14.5806,26.4861,1.81653,1.65372,6.38659e-12,1.51821e-13,2.21364e-12,4.02113e-12,1.08214,0.586793,0.0866696,179.273,25.6125,11.2301,1,1,4.26251e-06,1514,0.84455,0.00792602,0.253633,0.482166,0,0,1,,,,,,,
,,,352,6.875e-19,4.26251e-06,5.3033e-07,2.77853e-07,4.38751e-06,6.5533e-07,4.02853e-07,4.27671e-06,6.84699e-07,2.82512e-07,6.24612,15.1381,2.42361,8.03746,15.3409,1.90867,6.69511,10.8911,1.62672,0.645608,1.69679,6.08038e-06,3.37594e-07,1.7776e-07,18.0109,34.2055,1.89915,1.88414,6.38711e-12,1.20021e-13,2.1617e-12,4.10539e-12,1.09458,0.593538,0.155474,180.181,25.7682,11.4319,1,1,4.26251e-06,1526,0.838064,0.00524246,0.246396,0.482307,0,0,1,,,,,,,
,,,358,6.99219e-19,4.26251e-06,5.3033e-07,2.77853e-07,4.38751e-06,6.5533e-07,4.02853e-07,4.27671e-06,6.84699e-07,2.82512e-07,6.24612,15.1381,2.42361,8.03746,15.3409,1.90867,6.69511,10.8911,1.62672,0.645608,1.69679,7.13626e-06,2.96182e-07,1.47313e-07,24.0942,48.4428,2.01056,2.24565,6.41706e-12,8.7263e-14,2.10253e-12,4.22726e-12,1.11323,0.603655,0.115633,181.75,26.1151,11.7182,1,1,4.26251e-06,1543,0.835018,0.00518471,0.237848,0.487362,0,0,1,,,,,,,
,,,362,7.07031e-19,4.26251e-06,5.3033e-07,2.77853e-07,4.38751e-06,6.5533e-07,4.02853e-07,4.27671e-06,6.84699e-07,2.82512e-07,6.24612,15.1381,2.42361,8.03746,15.3409,1.90867,6.69511,10.8911,1.62672,0.645608,1.69679,7.12618e-06,3.0296e-07,1.41119e-07,23.5219,50.4978,2.14684,2.32067,6.41467e-12,8.55065e-14,2.01127e-12,4.31789e-12,1.12567,0.610399,0.13533,181.829,26.4575,11.9082,1,1,4.26251e-06,1555,0.823426,0.00771704,0.23537,0.489389,0,0,1,,,,,,,
,,,366,7.14844e-19,4.26251e-06,5.3033e-07,2.80984e-07,4.38751e-06,6.5533e-07,4.05984e-07,4.27671e-06,6.84699e-07,2.85696e-07,6.24612,14.9694,2.3966,8.03746,15.1699,1.8874,6.69511,10.8071,1.61418,0.645608,1.67083,7.27389e-06,3.04848e-07,1.34438e-07,23.8607,54.1058,2.26757,2.39794,6.4726e-12,8.19664e-14,1.95577e-12,4.43486e-12,1.12543,0.612385,0.0423756,183.351,26.4953,12.1253,1,1,4.26251e-06,1579,0.813165,0.00823306,0.227992,0.492084,0,0,1,,,,,,,
,,,366,7.14844e-19,4.26251e-06,5.3033e-07,2.80984e-07,4.38751e-06,6.5533e-07,4.05984e-07,4.27671e-06,6.84699e-07,2.85696e-07,6.24612,14.9694,2.3966,8.03746,15.1699,1.8874,6.69511,10.8071,1.61418,0.645608,1.67083,6.88129e-06,3.28564e-07,1.37217e-07,20.9435,50.1491,2.39449,2.30417,6.50051e-12,9.01689e-14,1.88845e-12,4.52189e-12,1.12543,0.612385,0.0423756,183.351,26.4953,12.1253,1,1,4.26251e-06,1598,0.805814,0.00813517,0.220901,0.491865,0,0,1,,,,,,,
,,,372,7.26563e-19,4.26251e-06,5.3033e-07,2.86758e-07,4.38751e-06,6.5533e-07,4.11758e-07,4.27671e-06,6.84699e-07,2.91567e-07,6.24612,14.668,2.34834,8.03746,14.8645,1.8494,6.69511,10.6556,1.59154,0.645608,1.62449,7.50831e-06,3.07956e-07,1.33046e-07,24.3811,56.4339,2.31466,2.36178,6.70431e-12,8.19448e-14,1.9979e-12,4.62446e-12,1.12085,0.613696,0.0214324,183.832,26.6458,12.4471,1,1,4.26251e-06,1651,0.798242,0.00545124,0.229558,0.488795,0,0,1,,,,,,,
,,,376,7.34375e-19,4.26251e-06,5.3033e-07,2.92524e-07,4.38751e-06,6.5533e-07,4.17524e-07,4.27671e-06,6.84699e-07,2.97429e-07,6.24612,14.3789,2.30206,8.03746,14.5715,1.81295,6.69511,10.5084,1.56956,0.645608,1.58013,8.50983e-06,2.80113e-07,1.36914e-07,30.38,62.1544,2.0459,2.25017,7.17436e-12,7.67028e-14,2.33023e-12,4.76742e-12,1.11057,0.611729,0.0139516,183.841,26.6833,12.6653,1,1,4.26251e-06,1764,0.802894,0.00680272,0.262472,0.465986,0,0,1,,,,,,,
,,,383,7.48047e-19,4.26251e-06,5.3033e-07,2.92524e-07,4.38751e-06,6.5533e-07,4.17524e-07,4.27671e-06,6.84699e-07,2.97429e-07,6.24612,14.3789,2.30206,8.03746,14.5715,1.81295,6.69511,10.5084,1.56956,0.645608,1.58013,8.581e-06,2.83721e-07,1.40389e-07,30.2445,61.1231,2.02096,2.1886,7.35824e-12,7.96625e-14,2.40936e-12,4.86922e-12,1.13124,0.623117,0.114816,187.529,27.1846,12.9001,1,1,4.26251e-06,1820,0.792714,0.00769231,0.262637,0.46044,0,0,1,,,,,,,
,,,390,7.61719e-19,4.26251e-06,5.3033e-07,2.98298e-07,4.38751e-06,6.5533e-07,4.23298e-07,4.27671e-06,6.84699e-07,3.033e-07,6.24612,14.1006,2.2575,8.03746,14.2894,1.77786,6.69511,10.3651,1.54815,0.645608,1.53751,8.30877e-06,2.99238e-07,1.46618e-07,27.7665,56.6694,2.04093,2.08956,7.49677e-12,8.77473e-14,2.43643e-12,4.97259e-12,1.12962,0.625851,0.0701579,190.25,27.4955,13.1641,1,1,4.26251e-06,1867,0.787365,0.0085699,0.266202,0.460632,0,0,1,,,,,,,
,,,392,7.65625e-19,4.26251e-06,5.3033e-07,2.98298e-07,4.38751e-06,6.5533e-07,4.23298e-07,4.27671e-06,6.84699e-07,3.033e-07,6.24612,14.1006,2.2575,8.03746,14.2894,1.77786,6.69511,10.3651,1.54815,0.645608,1.53751,8.65885e-06,2.92699e-07,1.41979e-07,29.5828,60.9868,2.06157,2.1277,7.61074e-12,8.31143e-14,2.45875e-12,5.06888e-12,1.13542,0.62906,0.0423186,190.53,27.4955,13.2731,1,1,4.26251e-06,1906,0.784375,0.00734523,0.267576,0.459601,0,0,1,,,,,,,
,,,396,7.73438e-19,4.26251e-06,5.3033e-07,2.98298e-07,4.38751e-06,6.5533e-07,4.23298e-07,4.27671e-06,6.84699e-07,3.033e-07,6.24612,14.1006,2.2575,8.03746,14.2894,1.77786,6.69511,10.3651,1.54815,0.645608,1.53751,9.06951e-06,2.81716e-07,1.34869e-07,32.1938,67.2468,2.08882,2.24449,7.63244e-12,7.59896e-14,2.44639e-12,5.11006e-12,1.147,0.635479,0.0353535,190.54,27.8209,13.4781,1,1,4.26251e-06,1924,0.778577,0.00623701,0.257277,0.455821,0,0,1,,,,,,,
,,,409,7.98828e-19,4.26251e-06,7.07107e-07,3.07194e-07,4.38751e-06,8.32107e-07,4.32194e-07,4.27671e-06,8.69398e-07,3.12346e-07,4.91916,13.6922,2.78345,6.0281,13.8756,2.30182,5.27277,10.1517,1.92531,0.4031,1.47515,9.11447e-06,2.83191e-07,1.3287e-07,32.1849,68.597,2.13134,2.32925,7.6596e-12,7.5255e-14,2.42208e-12,5.16227e-12,0.86276,0.506264,0.235024,195.288,28.705,13.8247,1,1,4.26251e-06,1943,0.772681,0.00566135,0.241379,0.453937,0,0,1,,,,,,,
,,,428,8.35938e-19,4.26251e-06,7.07107e-07,3.12968e-07,4.38751e-06,8.32107e-07,4.37968e-07,4.27671e-06,8.69398e-07,3.18217e-07,4.91916,13.4396,2.73209,6.0281,13.6196,2.25936,5.27277,10.0179,1.89992,0.4031,1.4367,9.51425e-06,2.74745e-07,1.2635e-07,34.6294,75.3009,2.17448,2.53102,7.70165e-12,6.94278e-14,2.40425e-12,5.22798e-12,0.886183,0.522798,0.180767,201.493,30.3645,14.271,1,1,4.26251e-06,1968,0.767787,0.00558943,0.22561,0.456809,0,0,1,,,,,,,
,,,442,8.63281e-19,4.26251e-06,7.07107e-07,3.18734e-07,4.38751e-06,8.32107e-07,4.43734e-07,4.27671e-06,8.69398e-07,3.24079e-07,4.91916,13.1965,2.68267,6.0281,13.3732,2.21848,5.27277,9.88769,1.87524,0.4031,1.39979,8.9535e-06,2.98863e-07,1.3242e-07,29.9585,67.6143,2.25693,2.43631,7.80214e-12,7.91511e-14,2.37125e-12,5.35174e-12,0.898615,0.532884,0.207989,202.807,31.4325,14.7255,1,1,4.26251e-06,2007,0.763914,0.00597907,0.212257,0.457897,0,0,1,,,,,,,
,,,452,8.82813e-19,4.26251e-06,7.07107e-07,3.18734e-07,4.38751e-06,8.32107e-07,4.43734e-07,4.27671e-06,8.69398e-07,3.24079e-07,4.91916,13.1965,2.68267,6.0281,13.3732,2.21848,5.27277,9.88769,1.87524,0.4031,1.39979,4.80403e-06,5.01279e-07,2.17483e-07,9.58355,22.0892,2.30491,1.68561,7.12395e-12,2.18039e-13,2.08959e-12,4.81632e-12,0.918946,0.54494,0.179157,205.563,32.6792,14.7914,1,1,4.26251e-06,1478,0.991204,0.0108254,0.148173,0.50406,0,0,1,,,,,,,
,,,461,9.00391e-19,4.26251e-06,7.07107e-07,3.24508e-07,4.38751e-06,8.32107e-07,4.49508e-07,4.27671e-06,8.69398e-07,3.2995e-07,4.91916,12.9617,2.63494,6.0281,13.1353,2.17901,5.27277,9.76069,1.85115,0.4031,1.36424,5.36033e-06,4.70771e-07,2.04578e-07,11.3863,26.2019,2.30118,1.7441,7.4328e-12,1.92618e-13,2.19321e-12,5.04697e-12,0.920567,0.548651,0.0853741,207.05,33.1658,15.2228,1,1,4.26251e-06,1547,0.989835,0.0103426,0.159017,0.495798,0,0,1,,,,,,,
,,,484,9.45313e-19,4.26251e-06,7.07107e-07,3.24508e-07,4.38751e-06,8.32107e-07,4.49508e-07,4.27671e-06,8.69398e-07,3.2995e-07,4.91916,12.9617,2.63494,6.0281,13.1353,2.17901,5.27277,9.76069,1.85115,0.4031,1.36424,5.36392e-06,4.8556e-07,2.02419e-07,11.0469,26.499,2.39878,1.79308,7.5771e-12,1.96573e-13,2.17152e-12,5.20901e-12,0.966495,0.576025,0.114612,209.678,35.8271,15.4947,1,1,4.26251e-06,1585,0.985021,0.00567823,0.157729,0.495899,0,0,1,,,,,,,
,,,508,9.92188e-19,4.26251e-06,7.07107e-07,3.3027e-07,4.38751e-06,8.32107e-07,4.5527e-07,4.27671e-06,8.69398e-07,3.35808e-07,4.91916,12.7356,2.58897,6.0281,12.9061,2.141,5.27277,9.63716,1.82772,0.4031,1.3301,5.98555e-06,4.50826e-07,1.76161e-07,13.2768,33.9776,2.55917,2.08723,7.66457e-12,1.58837e-13,2.10885e-12,5.39689e-12,0.996724,0.596936,0.176349,214.557,38.17,15.9426,1,1,4.26251e-06,1612,0.980612,0.00806452,0.152605,0.498759,0,0,1,,,,,,,
,,,522,1.01953e-18,4.26251e-06,7.07107e-07,3.44945e-07,4.38751e-06,8.32107e-07,4.69945e-07,4.27671e-06,8.69398e-07,3.50729e-07,4.91916,12.1938,2.47883,6.0281,12.3571,2.04991,5.27277,9.33622,1.77065,0.4031,1.24877,7.31728e-06,3.80629e-07,1.42918e-07,19.2242,51.1993,2.66328,2.56131,7.77068e-12,1.08797e-13,2.09154e-12,5.57035e-12,0.980621,0.594233,0.018805,218.282,38.704,16.5621,1,1,4.26251e-06,1641,0.977978,0.00853138,0.152346,0.502133,0,0,1,,,,,,,
,,,524,1.02344e-18,4.26251e-06,7.07107e-07,3.44945e-07,4.38751e-06,8.32107e-07,4.69945e-07,4.27671e-06,8.69398e-07,3.50729e-07,4.91916,12.1938,2.47883,6.0281,12.3571,2.04991,5.27277,9.33622,1.77065,0.4031,1.24877,7.25187e-06,3.91567e-07,1.43305e-07,18.5201,50.6045,2.7324,2.51504,7.86987e-12,1.12227e-13,2.07846e-12,5.67918e-12,0.984378,0.59651,0.0145986,219.094,38.8648,16.6246,1,1,4.26251e-06,1671,0.97344,0.00718133,0.147816,0.505685,0,0,1,,,,,,,
,,,548,1.07031e-18,4.26251e-06,7.07107e-07,3.44945e-07,4.38751e-06,8.32107e-07,4.69945e-07,4.27671e-06,8.69398e-07,3.50729e-07,4.91916,12.1938,2.47883,6.0281,12.3571,2.04991,5.27277,9.33622,1.77065,0.4031,1.24877,7.33002e-06,3.91118e-07,1.40154e-07,18.7412,52.2998,2.79063,2.66374,7.8981e-12,1.09633e-13,2.05466e-12,5.7338e-12,1.02946,0.623831,0.126087,226.912,40.2115,17.5739,1,1,4.26251e-06,1686,0.969673,0.00533808,0.141163,0.504745,0,0,1,,,,,,,
,,,550,1.07422e-18,4.26251e-06,7.07107e-07,3.44945e-07,4.38751e-06,8.32107e-07,4.69945e-07,4.27671e-06,8.69398e-07,3.50729e-07,4.91916,12.1938,2.47883,6.0281,12.3571,2.04991,5.27277,9.33622,1.77065,0.4031,1.24877,8.37503e-06,3.5141e-07,1.19757e-07,23.8326,69.9336,2.93437,3.04783,7.97625e-12,8.41676e-14,2.00594e-12,5.88615e-12,1.03322,0.626108,0.162129,227.716,40.3237,17.6549,1,1,4.26251e-06,1710,0.967099,0.00467836,0.132164,0.505263,0,0,1,,,,,,,
,,,553,1.08008e-18,4.33145e-06,7.07107e-07,3.5071e-07,4.45645e-06,8.32107e-07,4.7571e-07,4.34589e-06,8.69398e-07,3.56592e-07,4.99873,12.1873,2.43808,6.1256,12.3505,2.01621,5.35563,9.368,1.74919,0.409216,1.23778,8.86451e-06,3.38495e-07,1.14135e-07,26.188,77.6672,2.96576,3.15378,8.10195e-12,7.7268e-14,2.02349e-12,6.00119e-12,1.00551,0.612272,0.162572,228.459,40.3298,17.7782,1,1,4.33145e-06,1743,0.963408,0.00458979,0.124498,0.508319,0,0,1,,,,,,,
,,,561,1.0957e-18,4.4004e-06,7.07107e-07,3.76921e-07,4.5254e-06,8.32107e-07,5.01921e-07,4.41506e-06,8.69398e-07,3.83242e-07,5.0783,11.5203,2.26854,6.22311,11.6746,1.87601,5.43849,9.01617,1.65784,0.415336,1.12959,9.17743e-06,3.3044e-07,1.13858e-07,27.7734,80.6042,2.90221,3.17334,8.23026e-12,7.52464e-14,2.08985e-12,6.06517e-12,0.934255,0.579724,0.192286,231.115,40.6442,18.0103,1,1,4.4004e-06,1778,0.958848,0.00449944,0.120922,0.507874,0,0,1,,,,,,,
,,,576,1.125e-18,4.4004e-06,7.07107e-07,3.76921e-07,4.5254e-06,8.32107e-07,5.01921e-07,4.41506e-06,8.69398e-07,3.83242e-07,5.0783,11.5203,2.26854,6.22311,11.6746,1.87601,5.43849,9.01617,1.65784,0.415336,1.12959,9.42906e-06,3.27547e-07,1.13567e-07,28.7869,83.0264,2.88418,3.20744,8.39298e-12,7.43971e-14,2.14166e-12,6.17692e-12,0.959235,0.595225,0.109578,233.929,41.2309,18.6855,1,1,4.4004e-06,1821,0.953412,0.00384404,0.118616,0.507414,0,0,1,,,,,,,
,,,579,1.13086e-18,4.4004e-06,7.07107e-07,3.76921e-07,4.5254e-06,8.32107e-07,5.01921e-07,4.41506e-06,8.69398e-07,3.83242e-07,5.0783,11.5203,2.26854,6.22311,11.6746,1.87601,5.43849,9.01617,1.65784,0.415336,1.12959,8.92203e-06,3.51078e-07,1.21769e-07,25.4132,73.2702,2.88315,2.96486,8.52302e-12,8.55008e-14,2.17285e-12,6.26466e-12,0.964231,0.598325,0.136139,234.442,41.2553,18.8486,1,1,4.4004e-06,1859,0.948298,0.00322754,0.116729,0.511565,0,0,1,,,,,,,
,,,583,1.13867e-18,4.4004e-06,7.07107e-07,3.76921e-07,4.5254e-06,8.32107e-07,5.01921e-07,4.41506e-06,8.69398e-07,3.83242e-07,5.0783,11.5203,2.26854,6.22311,11.6746,1.87601,5.43849,9.01617,1.65784,0.415336,1.12959,9.74612e-06,3.27281e-07,1.12985e-07,29.7791,86.2603,2.89667,3.15955,8.65572e-12,7.39556e-14,2.20233e-12,6.37943e-12,0.970892,0.602459,0.0845909,235.382,41.4426,19.044,1,1,4.4004e-06,1895,0.943096,0.00263852,0.119261,0.506596,0,0,1,,,,,,,
,,,597,1.16602e-18,4.55683e-06,8.83883e-07,3.76921e-07,4.68183e-06,1.00888e-06,5.01921e-07,4.57201e-06,1.0541e-06,3.83242e-07,4.33737,11.9298,2.75048,5.15547,12.0896,2.34501,4.64061,9.32783,2.01005,0.294083,1.16817,1.01487e-05,3.17982e-07,1.04946e-07,31.9159,96.7042,3.02997,3.44291,8.65109e-12,6.67419e-14,2.13013e-12,6.45422e-12,0.768062,0.491827,0.0644009,238.451,42.6169,19.3356,1,1,4.55683e-06,1905,0.937433,0.00209974,0.119685,0.508661,0,0,1,,,,,,,
,,,610,1.19141e-18,4.55683e-06,8.83883e-07,3.82695e-07,4.68183e-06,1.00888e-06,5.07695e-07,4.57201e-06,1.0541e-06,3.89113e-07,4.33737,11.7498,2.70898,5.15547,11.9072,2.30963,4.64061,9.22174,1.98718,0.294083,1.1419,1.12368e-05,2.96073e-07,9.3608e-08,37.9527,120.041,3.16291,3.82566,8.81294e-12,5.54296e-14,2.1037e-12,6.65381e-12,0.772946,0.496822,0.0036162,240.336,43.8064,19.6215,1,1,4.55683e-06,1949,0.932356,0.00205233,0.120062,0.508979,0,0,1,,,,,,,
,,,620,1.21094e-18,4.55683e-06,8.83883e-07,3.87143e-07,4.68183e-06,1.00888e-06,5.12143e-07,4.57201e-06,1.0541e-06,3.93636e-07,4.33737,11.6148,2.67785,5.15547,11.7704,2.28309,4.64061,9.14164,1.96992,0.294083,1.12227,1.1495e-05,2.9589e-07,9.07869e-08,38.8489,126.615,3.25917,3.92157,8.94343e-12,5.37259e-14,2.08719e-12,6.80251e-12,0.776591,0.50058,0.0541023,242.27,43.9886,20.1336,1,1,4.55683e-06,1987,0.930303,0.00201309,0.118772,0.503775,0,0,1,,,,,,,
,,,633,1.23633e-18,4.69473e-06,8.83883e-07,3.91592e-07,4.81973e-06,1.00888e-06,5.16592e-07,4.71037e-06,1.0541e-06,3.98158e-07,4.46863,11.8304,2.64743,5.31148,11.9888,2.25716,4.77729,9.32986,1.95296,0.302366,1.13524,1.17467e-05,2.94536e-07,8.76753e-08,39.8819,133.979,3.35939,4.07571,9.03106e-12,5.16471e-14,2.05978e-12,6.91962e-12,0.760843,0.492179,0.122013,245.289,45.2106,20.2976,1,1,4.69473e-06,2016,0.926245,0.00198413,0.11756,0.499008,0,0,1,,,,,,,
,,,643,1.25586e-18,4.69473e-06,8.83883e-07,3.91592e-07,4.81973e-06,1.00888e-06,5.16592e-07,4.71037e-06,1.0541e-06,3.98158e-07,4.46863,11.8304,2.64743,5.31148,11.9888,2.25716,4.77729,9.32986,1.95296,0.302366,1.13524,1.12773e-05,3.11217e-07,9.04622e-08,36.2362,124.664,3.4403,3.95553,9.11604e-12,5.63067e-14,2.04034e-12,7.01939e-12,0.772863,0.499954,0.170786,247.638,46.4004,20.3935,1,1,4.69473e-06,2044,0.921845,0.00195695,0.114481,0.497065,0,0,1,,,,,,,
,,,657,1.2832e-18,4.69473e-06,8.83883e-07,3.94474e-07,4.81973e-06,1.00888e-06,5.19474e-07,4.71037e-06,1.0541e-06,4.0109e-07,4.46863,11.7439,2.62808,5.31148,11.9012,2.24066,4.77729,9.27808,1.94212,0.302366,1.12275,1.13618e-05,3.17366e-07,8.80213e-08,35.8002,129.08,3.60556,4.04298,9.26771e-12,5.58699e-14,2.00016e-12,7.21168e-12,0.783919,0.508005,0.203595,252.493,47.4707,20.4877,1,1,4.69473e-06,2085,0.917608,0.00191847,0.113669,0.50024,0,0,1,,,,,,,
,,,678,1.32422e-18,4.69473e-06,8.83883e-07,4.03131e-07,4.81973e-06,1.00888e-06,5.28131e-07,4.71037e-06,1.0541e-06,4.09892e-07,4.46863,11.4917,2.57165,5.31148,11.6457,2.19254,4.77729,9.126,1.91029,0.302366,1.08645,1.04786e-05,3.4708e-07,9.47519e-08,30.1906,110.589,3.66305,3.84273,9.32531e-12,6.57731e-14,1.98573e-12,7.27381e-12,0.791604,0.515649,0.244115,258.686,48.8692,20.9642,1,1,4.69473e-06,2109,0.913312,0.00237079,0.110953,0.499763,0,0,1,,,,,,,
