step,ncomp,nsig,big_frac,debris,L_big,W_big,T_big,LW_big,LT_big,L_cal,W_cal,T_cal,LW_cal,LT_cal
25,6,6,0.169623,0,2.65863e-06,1.18566e-06,4.49516e-07,2.24232,5.91443,2.58071e-06,1.13991e-06,3.25797e-07,2.26395,7.92121
50,6,6,0.171949,0,3.22875e-06,1.45083e-06,4.75719e-07,2.22546,6.7871,3.16141e-06,1.39485e-06,3.52102e-07,2.2665,8.97867
75,1,1,1,0,3.88635e-06,8.4335e-06,5.02109e-07,0.460823,7.74006,3.83124e-06,8.1081e-06,3.78597e-07,0.47252,10.1196
100,17,1,0.987029,0.0129711,4.38752e-06,8.61028e-06,5.02109e-07,0.509568,8.73819,4.34172e-06,8.27805e-06,3.78597e-07,0.524485,11.4679
125,51,1,0.969147,0.030853,4.9669e-06,8.61028e-06,5.34085e-07,0.576857,9.29983,4.93186e-06,8.27805e-06,4.10699e-07,0.595775,12.0084
150,38,1,0.957461,0.0425388,5.54629e-06,8.69867e-06,5.5453e-07,0.637602,10.0018,5.52201e-06,8.36303e-06,4.31225e-07,0.660288,12.8054
175,17,1,0.983051,0.0169492,6.85221e-06,8.78706e-06,5.603e-07,0.779807,12.2295,6.85219e-06,8.44801e-06,4.37017e-07,0.811101,15.6794
200,31,1,0.993446,0.00655359,7.6477e-06,8.78706e-06,5.8074e-07,0.870336,13.1689,7.66246e-06,8.44801e-06,4.57539e-07,0.907014,16.7471
225,48,1,0.989267,0.0107333,8.07992e-06,8.96383e-06,5.86514e-07,0.901391,13.7762,8.10271e-06,8.61797e-06,4.63335e-07,0.940212,17.4878
250,46,1,0.99393,0.0060698,8.80646e-06,8.96383e-06,6.12721e-07,0.982443,14.3727,8.84275e-06,8.61797e-06,4.89645e-07,1.02608,18.0595
275,27,1,0.991329,0.00867105,9.38584e-06,8.96383e-06,6.38854e-07,1.04708,14.6917,9.4329e-06,8.61797e-06,5.15881e-07,1.09456,18.285
300,12,1,0.996583,0.00341695,9.96522e-06,9.14061e-06,6.44701e-07,1.09021,15.4571,1.0023e-05,8.78792e-06,5.21752e-07,1.14055,19.2104
325,25,1,0.997934,0.0020658,1.09079e-05,9.14061e-06,6.70834e-07,1.19334,16.2602,1.09832e-05,8.78792e-06,5.47988e-07,1.24981,20.0428
350,31,1,0.9957,0.00430048,1.14872e-05,9.229e-06,6.94125e-07,1.24469,16.5493,1.15733e-05,8.8729e-06,5.7137e-07,1.30435,20.2554
375,1,1,1,0,1.24299e-05,9.31739e-06,7.0723e-07,1.33405,17.5755,1.25335e-05,8.95788e-06,5.84527e-07,1.39916,21.4421
400,2,1,0.999942,5.82174e-05,1.31472e-05,9.31739e-06,7.23259e-07,1.41104,18.1777,1.32641e-05,8.95788e-06,6.0062e-07,1.48072,22.084
425,2,1,0.999947,5.32481e-05,1.38048e-05,9.40578e-06,7.49457e-07,1.46769,18.4197,1.39339e-05,9.04286e-06,6.26921e-07,1.54088,22.226
450,6,1,0.999755,0.000245363,1.4237e-05,9.49416e-06,7.55235e-07,1.49955,18.8511,1.43742e-05,9.12783e-06,6.32722e-07,1.57476,22.718
475,6,1,0.999411,0.000589248,1.49635e-05,9.58255e-06,7.81442e-07,1.56154,19.1486,1.51142e-05,9.21281e-06,6.59032e-07,1.64056,22.934
500,3,1,0.999661,0.000338854,1.5759e-05,9.67094e-06,8.04736e-07,1.62952,19.5828,1.59245e-05,9.29779e-06,6.82419e-07,1.71272,23.3354
525,5,1,0.999282,0.000717532,1.59751e-05,9.75933e-06,8.17842e-07,1.63691,19.5333,1.61446e-05,9.38277e-06,6.95575e-07,1.72067,23.2104
550,2,1,0.999368,0.000631782,1.68396e-05,9.84772e-06,8.36717e-07,1.71,20.1258,1.70251e-05,9.46774e-06,7.14525e-07,1.79822,23.8272
575,1,1,1,0,1.74972e-05,9.93611e-06,8.6289e-07,1.76097,20.2774,1.76949e-05,9.55272e-06,7.40802e-07,1.85234,23.8862
600,2,1,0.999968,3.24118e-05,1.81455e-05,9.93611e-06,8.76028e-07,1.82622,20.7133,1.83553e-05,9.55272e-06,7.53992e-07,1.92147,24.3441
623,1,1,1,0,1.85088e-05,1.00245e-05,8.92021e-07,1.84635,20.7492,1.87253e-05,9.6377e-06,7.70047e-07,1.94292,24.3171
