dT_K,V_m_per_s,R_tip_m
4.745077133756701926e+00,1.496235656094432745e-03,3.746917866563783732e-06
4.749031386453317793e+00,1.584893192461114082e-03,3.528610805241568395e-06
4.751533112835335970e+00,1.412537544622753964e-03,3.994947571707472780e-06
4.761681208109306063e+00,1.678804018122560630e-03,3.334322461817438088e-06
4.770720384824393534e+00,1.333521432163324062e-03,4.280555246945160665e-06
4.781728008918909367e+00,1.778279410038922752e-03,3.159794546138572181e-06
4.805877672987175053e+00,1.258925411794167490e-03,4.614930489815779568e-06
4.808167664960702581e+00,1.883649089489800163e-03,3.001773217806216483e-06
4.840209945611122500e+00,1.995262314968878920e-03,2.857722447940315394e-06
4.861698953651334421e+00,1.188502227437019006e-03,5.014697295482914301e-06
4.877223472969433260e+00,2.113489039836647515e-03,2.725631636187886507e-06
4.918697128135542940e+00,2.238721138568339902e-03,2.603882846534658202e-06
4.945329126622436178e+00,1.122018454301963036e-03,5.505927048083375943e-06
4.964212371365340992e+00,2.371373705661655382e-03,2.491156951452194658e-06
5.013422993448524601e+00,2.511886431509579437e-03,2.386365867212312716e-06
5.066040042480173256e+00,2.660725059798808335e-03,2.288602707105121201e-06
5.068388714900942560e+00,1.059253725177288679e-03,6.132593751067989051e-06
5.121820427637273632e+00,2.818382931264454792e-03,2.197104501702087209e-06
5.180558182269907164e+00,2.985382618917960251e-03,2.111223900433679692e-06
5.242077681225512542e+00,3.162277660168379394e-03,2.030407401045697139e-06
5.251677665799626915e+00,1.000000000000000021e-03,6.977028838324748271e-06
5.306228315105522064e+00,3.349654391578275967e-03,1.954178396523017696e-06
5.372880264995735899e+00,3.548133892335753221e-03,1.882123826717734192e-06
5.441921118390519396e+00,3.758374042884443048e-03,1.813883561446959898e-06
5.513253135173856734e+00,3.981071705534973415e-03,1.749141877406495648e-06
5.586791021013380210e+00,4.216965034285822915e-03,1.687620557237880603e-06
5.662460100503480476e+00,4.466835921509630485e-03,1.629073257708069011e-06
5.740194807942023303e+00,4.731512589614802512e-03,1.573280879840950856e-06
5.819937432502248598e+00,5.011872336272724625e-03,1.520047736767825628e-06
5.901637068657803908e+00,5.308844442309884962e-03,1.469198361690928942e-06
5.985248733351339112e+00,5.623413251903490971e-03,1.420574833262976919e-06
6.070732619490692983e+00,5.956621435290103059e-03,1.374034522075431429e-06
6.158053461571386222e+00,6.309573444801930275e-03,1.329448182078939453e-06
6.247179994034671502e+00,6.683439175686149009e-03,1.286698326246319686e-06
6.338084486722816102e+00,7.079457843841380389e-03,1.245677837797963650e-06
6.430742344740098204e+00,7.498942093324557912e-03,1.206288777692349109e-06
6.525131762359004384e+00,7.943282347242813790e-03,1.168441356467002081e-06
6.621233422465529372e+00,8.413951416451946955e-03,1.132053044362835516e-06
6.719030234521499167e+00,8.912509381337458889e-03,1.097047798325902702e-06
6.818507105216852437e+00,9.440608762859235489e-03,1.063355388218180453e-06
6.919650736950578640e+00,1.000000000000000021e-02,1.030910807583083796e-06
7.022449450064579324e+00,1.059253725177289156e-02,9.996537567552231528e-07
7.126893025395404813e+00,1.122018454301963557e-02,9.695281880954972126e-07
7.232972564234133372e+00,1.188502227437018312e-02,9.404819047637058027e-07
7.340680363216455007e+00,1.258925411794167490e-02,9.124662057828034600e-07
7.450009802020867156e+00,1.333521432163324062e-02,8.854355712581653660e-07
7.560955242047337599e+00,1.412537544622754701e-02,8.593473825358055220e-07
7.673511934492408315e+00,1.496235656094433569e-02,8.341616728508413960e-07
7.787675936438211544e+00,1.584893192461114125e-02,8.098409046594945600e-07
7.903444033740128383e+00,1.678804018122560804e-02,7.863497703872576499e-07
8.020813669635886711e+00,1.778279410038922925e-02,7.636550137804557991e-07
8.139782878112063358e+00,1.883649089489801073e-02,7.417252694330945130e-07
8.260350221157443329e+00,1.995262314968879874e-02,7.205309183874911586e-07
8.382514729107329643e+00,2.113489039836647515e-02,7.000439579853717127e-07
8.506275843342768539e+00,2.238721138568339902e-02,6.802378843839315095e-07
8.631633360655143861e+00,2.371373705661655382e-02,6.610875863553405690e-07
8.758587378620971364e+00,2.511886431509580825e-02,6.425692491636666093e-07
8.887138241355135193e+00,2.660725059798809897e-02,6.246602674647210255e-07
9.017286485025234555e+00,2.818382931264454966e-02,6.073391663056982965e-07
9.149032782514032291e+00,2.985382618917960251e-02,5.905855294156695908e-07
9.282377886612854567e+00,3.162277660168379134e-02,5.743799340777205778e-07
9.417322571117074048e+00,3.349654391578277962e-02,5.587038919610601782e-07
9.553867569172837193e+00,3.548133892335755130e-02,5.435397953685094190e-07
9.692013508196030358e+00,3.758374042884442962e-02,5.288708684231340605e-07
9.831760840645234367e+00,3.981071705534973415e-02,5.146811227788511830e-07
9.973109769884006326e+00,4.216965034285822395e-02,5.009553174946660368e-07
1.011606017030985782e+01,4.466835921509632740e-02,4.876789227620211114e-07
1.026061150086006002e+01,4.731512589614805114e-02,4.748380872205300881e-07
1.040676271092438832e+01,5.011872336272724798e-02,4.624196086398901284e-07
1.055451213760264295e+01,5.308844442309884615e-02,4.504109077859931879e-07
1.070385739313770124e+01,5.623413251903491145e-02,4.388000053280562344e-07
1.085479524123116946e+01,5.956621435290106181e-02,4.275755016815346271e-07
1.100732146080716056e+01,6.309573444801933051e-02,4.167265597199658406e-07
1.116143069562561863e+01,6.683439175686148315e-02,4.062428903281388348e-07
1.131711628795943270e+01,7.079457843841380216e-02,3.961147408106928584e-07
1.147437009433275890e+01,7.498942093324557912e-02,3.863328862150647682e-07
1.163318228106910901e+01,7.943282347242817953e-02,3.768886236776154685e-07
1.179354109710968679e+01,8.413951416451952159e-02,3.677737699579316134e-07
1.195543262123013406e+01,8.912509381337459236e-02,3.589806623914102936e-07
1.211884048039662432e+01,9.440608762859235836e-02,3.505021635663722130e-07
1.228374553555403281e+01,1.000000000000000056e-01,3.423316701229766821e-07
1.245012553061379457e+01,1.059253725177288635e-01,3.344631261811045404e-07
1.261795469979460727e+01,1.122018454301964147e-01,3.268910420387232284e-07
1.278720332774736335e+01,1.188502227437018971e-01,3.196105189485437721e-07
1.295783725604184511e+01,1.258925411794167559e-01,3.126172809882769445e-07
1.312981732858160200e+01,1.333521432163324028e-01,3.059077153014281494e-07
1.330309876730688678e+01,1.412537544622753938e-01,2.994789223184325465e-07
1.347763046810023724e+01,1.496235656094434263e-01,2.933287779947889551e-07
1.365335420506917430e+01,1.584893192461114264e-01,2.874560106559401834e-07
1.383020372926896790e+01,1.678804018122560526e-01,2.818602957607505403e-07
1.400810374535502945e+01,1.778279410038922925e-01,2.765423728480067060e-07
1.418696874649143069e+01,1.883649089489800033e-01,2.715041901987598493e-07
1.436670168392919145e+01,1.995262314968880846e-01,2.667490844538489242e-07
1.454719244278581591e+01,2.113489039836647654e-01,2.622820047475762513e-07
1.472831608941407744e+01,2.238721138568340041e-01,2.581097941134257786e-07
1.490993084794494017e+01,2.371373705661655173e-01,2.542415453710373546e-07
1.509187575357572442e+01,2.511886431509582351e-01,2.506890549950426768e-07
1.527396791718029334e+01,2.660725059798811354e-01,2.474674074869742720e-07
1.545599931875079314e+01,2.818382931264454827e-01,2.445957359142591930e-07
1.563773302445859770e+01,2.985382618917959974e-01,2.420982237684082687e-07
1.581889869142514549e+01,3.162277660168379412e-01,2.400054427557218155e-07
1.599918718212872015e+01,3.349654391578279489e-01,2.383561666339760372e-07
1.617824405138287247e+01,3.548133892335756934e-01,2.371998731714015330e-07
1.635566158454980012e+01,3.758374042884443100e-01,2.366002631944306316e-07
1.653096894236427161e+01,3.981071705534973137e-01,2.366403213537754665e-07
1.670361978234939926e+01,4.216965034285822256e-01,2.374297821720480146e-07
1.687297643888988219e+01,4.466835921509634821e-01,2.391164756368079570e-07
1.703828927939046878e+01,4.731512589614807474e-01,2.419041786270373983e-07
1.719866906823898134e+01,5.011872336272724660e-01,2.460818926403800674e-07
1.735304876191042212e+01,5.308844442309884615e-01,2.520743447118318660e-07
1.750012843780776706e+01,5.623413251903490728e-01,2.605347395018248312e-07
1.763829125337584003e+01,5.956621435290109234e-01,2.725294298931200223e-07
1.776546410779745599e+01,6.309573444801935826e-01,2.899477461903784917e-07
1.787885402195662365e+01,6.683439175686148870e-01,3.165652651909250491e-07
1.797431450303098543e+01,7.079457843841380216e-01,3.615962173856839030e-07
