step,t,dt,f,band,band_ok,dG,disp,mol_bulk,mol_face,v1,v2,v3,v4,v5,v6,v7,v8,v9,v10,v11,v12
1,1.8749999999999998e-07,1.8749999999999998e-07,0.34941015625000005,235760,1,1125753240.043907,0.8443149300329302,2.9162954800138364e-11,9.39553197177126e-15,0.1201131370948809,0.097703719437892,0.09266732998691993,0.08065489832194883,0.11612762579794074,0.05319791165915774,0.07401424275285359,0.07526076311641271,0.0589665619515031,0.06832384934431912,0.0899283390535389,0.07304162148263257
2,2.2081103004290477e-07,3.3311030042904796e-08,0.35470507812499996,235654,1,1368548594.6155865,0.18235105340165977,2.916271888217121e-11,9.631449938926562e-15,0.12030791425535078,0.09774845960277298,0.09249541597608049,0.0804585675820031,0.11609556795092754,0.05314714579123281,0.0740216619220413,0.07552489138754137,0.058917784911540726,0.06822899746157955,0.08989642583792654,0.07315716732100282
3,2.482123222933516e-07,2.7401292250446846e-08,0.35920703125,235504,1,1381525010.6078434,0.15142228226786877,2.9162638483908236e-11,9.711848201895158e-15,0.12025729417010127,0.09788814337135837,0.09252150461628805,0.08022771512772275,0.11597812020835827,0.05304109529453985,0.0741705362288896,0.07561686440401492,0.058897093206607444,0.06827103972508891,0.08978653066106985,0.07334406298596084
4,2.753562391331204e-07,2.714391683976879e-08,0.36350000000000005,235360,1,1397880031.977849,0.15177575735992027,2.916256425527788e-11,9.786076832259513e-15,0.12042748452544703,0.09789266678129298,0.09241746905089408,0.08015066196698761,0.11594093878954607,0.053054074965612104,0.07426710797799174,0.07570710110041265,0.058873151650618974,0.06824922627235212,0.08961270632737275,0.0734074105914718
5,3.021825755440795e-07,2.6826336410959067e-08,0.36784765625000004,234970,1,1396004371.2034373,0.14979873157229118,2.9162497849355754e-11,9.852482754377796e-15,0.12070320381441875,0.09779757669721459,0.09244549692573989,0.08007943166010044,0.115892703543629,0.05305355265533243,0.07433975087342969,0.07578396287525618,0.05879854304495109,0.06818592105682336,0.08952521530439952,0.07339464154870498
6,3.290449556150479e-07,2.686238007096841e-08,0.37216015625,234594,1,1443320149.6099088,0.15508405769163344,2.916242814381581e-11,9.922188294324109e-15,0.12103114208642533,0.09790811667523852,0.09230841896444954,0.07995444669528617,0.11572008858753267,0.052937348461788755,0.07452268743505505,0.07577697773765917,0.058736473082615225,0.06818825900307537,0.08945871338154567,0.07345732788932856
7,3.550267171875828e-07,2.598176157253486e-08,0.376431640625,234136,1,1483492050.6236591,0.15417494701621892,2.9162360922786585e-11,9.989409323546964e-15,0.12096008467672893,0.09793341046940586,0.09236093455713343,0.07983064654210748,0.11561590386700772,0.05287107034083421,0.07459023623354588,0.07584067077251949,0.05872372660623764,0.06819278483705436,0.08937234412373593,0.07370818697368899
8,3.803049112865906e-07,2.5278194099007824e-08,0.38039453125,233677,1,1466690376.3647845,0.14830113606758344,2.916229725306879e-11,1.0053079041341534e-14,0.1211273246321151,0.09802220145613622,0.09235887904211294,0.07971267495712717,0.11536644725357104,0.05283884946755528,0.07464495127386246,0.07587209003809779,0.058666474979718844,0.06814984442550395,0.08942196116285518,0.0738183013113441
9,4.058726797838138e-07,2.5567768497223216e-08,0.38443359374999997,233190,1,1438699360.1705623,0.14713732871177643,2.916223498730048e-11,1.0115344809657526e-14,0.12134837169130723,0.09801859472641367,0.09252654575013973,0.07956612305034803,0.11522125692221716,0.052827312909617445,0.07458212670832698,0.07589798303104202,0.05863435451912819,0.06811461667428746,0.0892750088909211,0.0739877051262511
10,4.319378891236958e-07,2.6065209339881998e-08,0.38827929687499996,232655,1,1503133561.3670008,0.15671796377133296,2.916217215475784e-11,1.017817735229211e-14,0.12154487698630277,0.0980638735607322,0.09263628086660396,0.07949738177757434,0.11516154507819457,0.05275680461169322,0.07458790034155102,0.07591587482834422,0.05864214608725397,0.06803354141620431,0.0891553780451612,0.07400439640038431
11,4.568857719757666e-07,2.4947882852070856e-08,0.391896484375,232096,1,1502692205.6910558,0.14995595644120172,2.9162113018797134e-11,1.0237313312997771e-14,0.12175867551121103,0.09820534161304954,0.09259360780658958,0.07938161285017271,0.1148960134761352,0.05275827182520895,0.07459220238124906,0.07591290349911041,0.05863414585524121,0.06800364812535199,0.08914981734454352,0.074113759712137
12,4.818409822696502e-07,2.495521029388354e-08,0.39551953124999994,231484,1,1505600644.7675366,0.1502903228351221,2.916205576391911e-11,1.0294568191015629e-14,0.12197169466583707,0.09823412639625492,0.09267873544487572,0.07922728215460284,0.11482128924575075,0.05273917809842671,0.0745311250037036,0.07590886195964563,0.05864023782011397,0.0679535421172706,0.08899983210374014,0.07429409498977807
13,5.067479854184101e-07,2.4907003148759917e-08,0.39920117187500004,230842,1,1412257913.1003368,0.1407004491538048,2.9162002255258e-11,1.0348076852134421e-14,0.12220205390648317,0.09820882524181594,0.09277316515893559,0.07911796507674018,0.1147408643237716,0.05264908924561258,0.07457275516045228,0.07600138949366655,0.05863761124511354,0.06793841216100514,0.08889334657592556,0.07426452241047797
14,5.333012089140222e-07,2.6553223495612118e-08,0.4030390625,230077,1,1505859856.3209782,0.1599417332718452,2.9161947994535715e-11,1.0402337574412783e-14,0.12234197212584078,0.09825253445501948,0.0927862528833666,0.07908662699412665,0.11472891507879587,0.05251604024113667,0.07455077632828704,0.07610149450464246,0.058626839054837274,0.0679214561243676,0.0888028455678536,0.07428424664172595
15,5.582039246897237e-07,2.4902715775701487e-08,0.40676953125000004,229227,1,1555464181.9234698,0.15494112968689683,2.916189749683975e-11,1.0452835270387867e-14,0.12243957246982222,0.09830217126175177,0.09286681455446398,0.078966321915243,0.1146274475910614,0.05252417581362295,0.07453929109888315,0.07620542959484504,0.05858853581477533,0.06796596660040524,0.0886798613311822,0.0742944119539435
16,5.823124836882524e-07,2.41085589985286e-08,0.41043945312499996,228377,1,1553705542.3169537,0.1498304069331566,2.916185015108674e-11,1.0500181023393927e-14,0.12250588879107284,0.0983035523091199,0.09281210592686004,0.07885031763782152,0.11463513288443695,0.052430464679150114,0.07459135358918842,0.07632824954198292,0.058578600490137765,0.06794832139713056,0.08871017630683575,0.0743058364462633
17,6.064483311694156e-07,2.4135847481163233e-08,0.413884765625,227401,1,1549819828.376352,0.14962486000389688,2.916180878517073e-11,1.0541546939397605e-14,0.12263282824231155,0.09832994351348927,0.09271904449551457,0.07876022254835803,0.11450197962332888,0.052329065778235,0.07460277760736919,0.07653757037218807,0.058586468720063796,0.06795841611257662,0.08869373174334265,0.07434795124322233
18,6.30644692135636e-07,2.419636096622042e-08,0.417263671875,226453,1,1560415110.7276642,0.1510254691052455,2.9161767283041164e-11,1.058304906896558e-14,0.12278656986786123,0.09839495597713903,0.09271715370320963,0.07877307045998158,0.11442199223924472,0.05224701482407239,0.07456503728251865,0.07654033205547678,0.05864097847303162,0.067937033968517,0.0885559284587552,0.07441993269019234
19,6.546767588223734e-07,2.403206668673743e-08,0.4206875,225480,1,1556498602.791742,0.14962351288041914,2.9161730304923695e-11,1.0620027186430625e-14,0.1228690016342297,0.0983555563809241,0.09275646263556679,0.0786983731986332,0.11444714752637054,0.0521467835388501,0.07465458327143071,0.07658594562472144,0.05864191799138316,0.06791338582677166,0.08847125241420295,0.07445958995691578
20,6.787692957078803e-07,2.4092536885506898e-08,0.42408203125,224493,1,1553685543.484386,0.14972890505950562,2.916169474039554e-11,1.0655591714595464e-14,0.12303228480633724,0.09846175102473174,0.09281075853175519,0.07865794685211626,0.1142218947174504,0.05203794961543776,0.0747892967346751,0.07660848339704325,0.058619260350941844,0.06793165384792521,0.08831115000230279,0.0745175701192834
21,7.029054538624451e-07,2.413615815456473e-08,0.427419921875,223359,1,1552289185.5846772,0.149865189139569,2.916166596492498e-11,1.0684367185148738e-14,0.12328698266762322,0.09846965120476697,0.09279881556760906,0.07855089814886743,0.11416155255690257,0.0520062694492298,0.07473987726136565,0.07662253985806917,0.05859558853769209,0.06795863625770543,0.08832520711573348,0.07448398137443508
22,7.270633236384144e-07,2.415786977596925e-08,0.430904296875,222260,1,1479950741.8276815,0.1430098291836889,2.916163809540865e-11,1.0712236701484274e-14,0.12338242159702298,0.09851194118473597,0.0927827107781147,0.07852762404645028,0.11402709599633765,0.0519166179410125,0.0747655502826088,0.0767009785924405,0.05860223095506815,0.06794849131776833,0.08830901583243815,0.07452532147600205
23,7.524020048121466e-07,2.5338681173732146e-08,0.43424023437500003,220927,1,1489824165.349692,0.15100071812286983,2.91616143640351e-11,1.0735968075035484e-14,0.12332963014604349,0.09862772173021306,0.09283905528243924,0.0785000742136724,0.11395172063275026,0.05185511692026753,0.07479388839163228,0.07671444827756813,0.05865578799177802,0.06786727896694568,0.0882782877781326,0.07458698966855723
24,7.775727604436999e-07,2.5170755631553326e-08,0.43765234374999995,219677,1,1538318624.8843575,0.15488256876172524,2.916159155996157e-11,1.0758772148561712e-14,0.12338560679763297,0.0985728183935951,0.09297209007577718,0.0784369728398147,0.11393800373084371,0.0517944644275654,0.07478645828684653,0.07682146395451585,0.05865814582422193,0.06782905952391578,0.08817911620060871,0.07462579994466212
25,8.019500249410462e-07,2.4377264497346283e-08,0.442556640625,243804,1,1471716765.0019279,0.1435057153825233,2.916209218585173e-11,1.0258146258402277e-14,0.12444999536605925,0.09754224609314663,0.0933540463129278,0.07863576784398184,0.1140302485998879,0.05195309569308307,0.07463733897055902,0.07742652997277008,0.0577653813733235,0.06814982192427699,0.08747997475605612,0.07457555309392777
26,8.274304712414258e-07,2.5480446300379592e-08,0.446857421875,242434,1,1578136917.36947,0.16084653191071746,2.916201803829979e-11,1.0332293810348478e-14,0.12462028663714918,0.09762621781451192,0.0934914397856559,0.0786001197599556,0.11393367746108893,0.051793995393175425,0.07458335336617261,0.07748556542871003,0.057786363974107365,0.06808397183455643,0.08734172235795987,0.07465328618695664
27,8.511926680364334e-07,2.3762196795007606e-08,0.44994335937499996,241110,1,1609893922.7672064,0.15301846484752457,2.9161931692631766e-11,1.041863947836749e-14,0.1246554470831832,0.09765118005304486,0.09358816864969983,0.07860798451193944,0.11382075000759644,0.05183812198584023,0.07460574464667862,0.07755750506791219,0.057815436838838226,0.06798164699549857,0.08719847550255891,0.07467953865720946
28,8.744861282263707e-07,2.329346018993735e-08,0.453064453125,239672,1,1605772444.309426,0.14961598602248002,2.916186117229047e-11,1.0489159819657623e-14,0.12469769667498676,0.09772426488022107,0.0937797722971604,0.07851049062590261,0.11379537783065842,0.05170949566536909,0.07465221645995801,0.07760519724618377,0.057809448676331754,0.06792717992490377,0.0871107777332316,0.07467808198509285
29,8.978393749039392e-07,2.3353246677568402e-08,0.45596484375,238084,1,1530970226.3393145,0.14301250140685898,2.9161793174621944e-11,1.055715748818284e-14,0.124782612420434,0.09782226905514577,0.09378721289847251,0.07845228610347221,0.11367549924182066,0.05165471570416442,0.07464853889845538,0.07768553976372218,0.05783152141321203,0.06787204331474295,0.08707925330043606,0.07470850788592186
30,9.223336461541814e-07,2.4494271250242287e-08,0.45900976562499995,236251,1,1588291199.0837169,0.15561614181891656,2.916172961646064e-11,1.0620715649495336e-14,0.1249505346512746,0.0978584163429257,0.09380332151838408,0.07841268355367574,0.11364477709743716,0.05164395161118746,0.0746001285035296,0.07779995149204512,0.057873394237765566,0.06779199448541144,0.08690583074127814,0.07471501576508532
31,9.459439261970562e-07,2.361028004287482e-08,0.46205078125,234493,1,1538219387.5483527,0.145271162029584,2.9161665276214526e-11,1.0685055895604312e-14,0.1250200786236632,0.09789068774569895,0.09379887559707487,0.078298178129095,0.11356892251764805,0.05154499725239887,0.07456989474574122,0.0778036099251807,0.05792365895929324,0.0677600710149216,0.08700596018091897,0.07481506530836539
32,9.703227633795522e-07,2.4378837182495995e-08,0.465078125,232747,1,1601025329.6252565,0.15612454334394446,2.9161596223821693e-11,1.0754108288439919e-14,0.12521837728876195,0.0978918192507979,0.09377624727028389,0.07828825802116579,0.11340920544263396,0.05148664538887955,0.07462203930791196,0.07785150344364185,0.05796657147656643,0.06778095078111876,0.08697295481269947,0.07473542751553838
33,9.937452535214024e-07,2.3422490141850176e-08,0.4682109375,231030,1,1618331532.2441874,0.15162141744093907,2.916153047177086e-11,1.0819860339271198e-14,0.12524403063523049,0.09795014266406367,0.09372444978391817,0.07821077572541756,0.11331364402396088,0.05140494902471175,0.0746149738866363,0.0779563164305618,0.05797500458861023,0.06776960170863158,0.08697919273831572,0.07485691878994175
34,1.016917266951801e-06,2.317201343039869e-08,0.4710546875,229502,1,1620996235.9902027,0.15024698620396282,2.91614539015131e-11,1.089643059703224e-14,0.12530889791856706,0.09794759101086327,0.09386765071730659,0.07815739281864169,0.11327639107720376,0.051293639605274076,0.07462061530806867,0.07798324902562402,0.05803549216352932,0.06775022804544324,0.08691019155817233,0.0748486607513061
35,1.0400511886521762e-06,2.313392170037503e-08,0.47416210937500003,227874,1,1620002892.5334482,0.14990808028099945,2.916138693008229e-11,1.096340202784199e-14,0.12549274831013588,0.0979647486726174,0.09388683162321693,0.07813124302326059,0.11323428251315024,0.05127465801104744,0.07465059665281272,0.077970597806163,0.057992923372231435,0.06768930391191698,0.0868761095847527,0.07483595651869455
36,1.0631992954690446e-06,2.314810681686837e-08,0.47714453125,226231,1,1629993519.491876,0.15092505640000467,2.916131540641227e-11,1.103492569786325e-14,0.12570712817951846,0.09797051142457162,0.0939303637360928,0.07799081449704869,0.11315278880711262,0.051199764222384134,0.07465472496704843,0.07806449500200574,0.05803158437645826,0.06762642346642216,0.08686112862160147,0.07481027269973556
37,1.0862055219058773e-06,2.3006226436832715e-08,0.48023242187500004,224541,1,1622663416.0876899,0.14932544792511157,2.9161249700857806e-11,1.1100631252319573e-14,0.1257529109846713,0.09796281911021273,0.0939974540322679,0.0779855131995819,0.11319388805062652,0.05112270669719659,0.07466680765742499,0.07816039596712203,0.058040743617795744,0.06762269246255272,0.08671338341216614,0.07478068480838136
38,1.1093156750209417e-06,2.3110153115064415e-08,0.48323828125,222906,1,1662395526.1629367,0.15367286058969418,2.916118180311206e-11,1.1168528998076665e-14,0.12590434002376544,0.0980041872458754,0.09408369641659055,0.07790864043844829,0.11310009781018357,0.050978506010072026,0.07471970511442175,0.07823197988828622,0.058124307851490184,0.06753348584177385,0.08661455512533445,0.07479649823375825
39,1.1318734835627847e-06,2.255780854184307e-08,0.486357421875,221126,1,1630965512.2684255,0.14716403105640058,2.916112616015644e-11,1.122417195369257e-14,0.12594020440535714,0.09794992269541998,0.09411079653836116,0.07783065277192139,0.11302130393751382,0.05098488042888984,0.07472642210308617,0.07837680461016407,0.058153123305824964,0.06744975202297052,0.0865891612955043,0.07486697588498685
40,1.15486599917266e-06,2.2992515609875273e-08,0.489291015625,219204,1,1624090623.8367124,0.14936771608167074,2.9161072961875166e-11,1.1277370234965907e-14,0.1260513258581254,0.09800133324285377,0.09419720019000706,0.07781507841783192,0.11291449282882998,0.05094265059856218,0.07475740169329825,0.07845375762922277,0.058119808236566775,0.06729683015523896,0.08648115696739145,0.07496896418207147
41,1.1779558436983374e-06,2.308984452567733e-08,0.49230664062499996,217263,1,1618017667.0947957,0.14943910549207193,2.9161026560530906e-11,1.1323771579224091e-14,0.1260924934837202,0.09798025081230337,0.09427083126703457,0.07773515141176145,0.11282189628700989,0.05088054082146782,0.07479538683096552,0.07857225036796649,0.05814068816675329,0.06723372516970098,0.0864393936388414,0.07503739174247503
42,1.2011323520657228e-06,2.3176508367385435e-08,0.49527539062500003,215213,1,1620727864.8990438,0.15025125168834969,2.9160986737516573e-11,1.1363594593558008e-14,0.12612538005607676,0.09807122773393906,0.09440376053410943,0.07763199924284549,0.11276081409884811,0.050812166526671955,0.07482816141587895,0.07860999049613339,0.058099778768914076,0.06716591542741768,0.08637476782566518,0.0751160378735
43,1.2242701044374549e-06,2.3137752371732e-08,0.498267578125,213188,1,1624558594.099935,0.1503545378546135,2.9160950663301966e-11,1.1399668808168374e-14,0.12622249748150818,0.09815258336501864,0.09442874334118606,0.07761266575987896,0.11270691811079794,0.050734380451015824,0.07478254734176619,0.07872981776702873,0.058111503529808366,0.06706439891342268,0.08638132905810367,0.07507261488046474
44,1.247353297703732e-06,2.3083193266276964e-08,0.5012109375,211160,1,1625544923.3331144,0.15009107051325463,2.916091692719224e-11,1.1433404917893837e-14,0.1263502454991817,0.09816460135609074,0.09447042319382747,0.0775504637206765,0.11255163276439874,0.05066635492167408,0.0747915205362014,0.07875457875457877,0.05818720286805395,0.06701737978333724,0.08638453744836724,0.07511105915361237
45,1.2704224848186027e-06,2.3069187114870843e-08,0.504111328125,208993,1,1661714318.239585,0.1533375941557161,2.91608942645751e-11,1.1456067535031346e-14,0.12639042250246993,0.09820809360531566,0.09452742101082892,0.07754595997752851,0.11241161542782974,0.05066542686116115,0.07481838786540361,0.07880513744406346,0.058278607543441614,0.06692237655217838,0.08631370953681641,0.07511284167296255
46,1.2929895407730386e-06,2.256705595443589e-08,0.5068515625000001,206975,1,1674847936.907947,0.1511855484294926,2.9160873137597093e-11,1.1477194513034487e-14,0.12647779644558166,0.09824745287235846,0.09459438630022966,0.07756986297146909,0.11238574533347719,0.05063813061639718,0.07478382169335819,0.07886462074386917,0.058256392866501215,0.06684187000015414,0.08622470212864343,0.0751152180279606
47,1.3153796331352331e-06,2.239009236219459e-08,0.5096328125,204855,1,1663392706.6741924,0.14897406534814409,2.916086443242173e-11,1.148589968840126e-14,0.12663835788634584,0.0982133276102586,0.09465684546165283,0.07753744270537917,0.1122821271442368,0.050564898134379824,0.07480493002008184,0.07894010700105773,0.05825655726396148,0.06679134793739364,0.08618337344595525,0.07513068538929682
48,1.3379239185884127e-06,2.2544285453179575e-08,0.5124726562499999,202720,1,1680139262.0954416,0.15151015650309652,2.916085660138772e-11,1.1493730722413615e-14,0.1267521895223068,0.09816072503868345,0.09468111865724542,0.07752319102391132,0.11223922008033964,0.0504943099098275,0.07484012104304344,0.07899049491969845,0.05827673732592439,0.0667794775635895,0.08616313370377991,0.07509928121164999
49,1.3602434969983778e-06,2.231957840996503e-08,0.515240234375,200582,1,1692262015.9094367,0.15108229901718467,2.916085612400186e-11,1.1494208108272529e-14,0.12684465301759268,0.09810350905789547,0.09484350064252492,0.07748964189186629,0.11212912665890837,0.05040882779953223,0.07489300728194903,0.07908173902495423,0.05828591790085783,0.06673540482860317,0.0860642221657828,0.07512044972953302
50,1.382403186010748e-06,2.2159689012370322e-08,0.520095703125,251477,1,1675119450.4529836,0.1484805043224432,2.916153898126555e-11,1.0811350844578672e-14,0.12760947692169033,0.09800254610592253,0.09513723811347823,0.07741964557304283,0.11231406479426488,0.05065173552043081,0.0744754758927331,0.07968410261032187,0.057264851345718376,0.06694230704234874,0.08545978241684786,0.07503877366320051
51,1.4047896492506437e-06,2.2386463239895693e-08,0.523337890625,249732,1,1661061080.6221166,0.14874113128227373,2.916145699068959e-11,1.0893341420544223e-14,0.12774072678009618,0.09802984896379532,0.09517109599214775,0.0773878611228256,0.11219672400344839,0.05061037734792814,0.07445819913490999,0.07979876767593831,0.05726089666317096,0.0668821305546951,0.08542670433552653,0.07503666742551753
52,1.4273655800442032e-06,2.257593079355946e-08,0.526203125,247875,1,1752819769.6730413,0.15828615125488568,2.9161370226712824e-11,1.0980105397302016e-14,0.12791742138551532,0.09806396056655876,0.0952170620898536,0.07743415387356356,0.1120757490275262,0.050576060813017784,0.07441651572289693,0.0798467797012798,0.05722006116934406,0.06675178905484455,0.08537354871277132,0.07510689788282804
53,1.4487596792258863e-06,2.1394099181683112e-08,0.528677734375,246031,1,1665699880.5516798,0.14254459380576143,2.9161290862089277e-11,1.1059470020855242e-14,0.12796149000860785,0.09808151971124895,0.09524055814365882,0.07742636220228089,0.11202402810667828,0.050575765748126035,0.07439329400073148,0.07992744280209692,0.05725885999490178,0.06672011171739636,0.08527687368619381,0.07511369387807879
54,1.4712727384137034e-06,2.251305918781719e-08,0.5310625,244008,1,1679534146.9928663,0.15124580663684184,2.916121120133399e-11,1.1139130776142067e-14,0.12803783688360598,0.09811918912557373,0.09535718488878428,0.07742438507708603,0.11195495468989056,0.050554607508532426,0.0743975814993527,0.07992526774155585,0.05725917971048605,0.06666691185124161,0.08516608803106979,0.075136812992821
55,1.493600358288025e-06,2.232761987432178e-08,0.533427734375,241915,1,1693157819.3644009,0.15121673671201571,2.916113739423893e-11,1.1212937871208188e-14,0.12814748366072898,0.09807590209252512,0.09545063434816835,0.07742526042143419,0.11196748622375188,0.050517181407099564,0.07436061732237335,0.07999194478516375,0.057298207714698936,0.06659465792797904,0.08506673013199567,0.07510389396408106
56,1.515748323215522e-06,2.2147964927496967e-08,0.535865234375,239896,1,1693756835.5505285,0.15005306795792542,2.9161062456863024e-11,1.1287875247102054e-14,0.12832269657351755,0.09807080400782904,0.09549392593024571,0.07746671380616191,0.11193929210571396,0.050440474845369086,0.07430666671526408,0.08002172304574597,0.05730000036448063,0.06654687403184831,0.08501510772225118,0.07507572085157256
57,1.5378884552657116e-06,2.2140132050189615e-08,0.53830078125,237775,1,1644505522.0443964,0.1456382776613158,2.9160990523503076e-11,1.1359808607051253e-14,0.12850767388701423,0.09806973622147235,0.09558434019084937,0.07745001995573453,0.11183556474728781,0.05034287580276477,0.07431515547331373,0.0800950618627771,0.05729835637313594,0.06649250752875438,0.08497514603969375,0.07503356191720183
58,1.5606916623679784e-06,2.280320710226695e-08,0.5408359375,235557,1,1654521876.8076272,0.15091362004830294,2.916091708174316e-11,1.1433250366965762e-14,0.12867450561197222,0.09808311785863896,0.09566715298944052,0.0773794906611582,0.11177358545076341,0.050258569633235585,0.07425570947751599,0.08010241668713074,0.05735117800858046,0.06646250740318084,0.08489823334826006,0.07509353287012292
59,1.5833568205176886e-06,2.266515814971007e-08,0.5434296875,233344,1,1632553867.203758,0.14800836635237583,2.916084424595032e-11,1.1506086159812318e-14,0.12871447260598914,0.09810017395304704,0.09577840394485256,0.07738394744030247,0.11173608016216448,0.05019120458891013,0.07426788769246251,0.08010825342514986,0.057426069955002226,0.06638968357796977,0.08479132822496009,0.0751124944291896
60,1.6063269660996104e-06,2.297014558192195e-08,0.54608984375,231119,1,1632720716.1026232,0.15001533017398846,2.916077115992924e-11,1.1579172180896733e-14,0.128849276461205,0.09815520854941737,0.09593416261918897,0.07732887931959455,0.11163885292455594,0.050136267069149275,0.07426376440460947,0.08019013011537993,0.05747179879684403,0.06629875750184192,0.08467871730126825,0.07505418493694518
61,1.6292947643459108e-06,2.2967798246300296e-08,0.548681640625,228863,1,1624863818.3049777,0.14927817742616747,2.916070082452008e-11,1.1649507590050378e-14,0.12900596244549256,0.09818278900062294,0.09597223458218385,0.07735516596956482,0.11143543650440509,0.05010590015128592,0.07425469431342885,0.08029189285396458,0.05747085521046542,0.06625967784995995,0.08460265195336833,0.07506273916525763
62,1.6523736215261508e-06,2.3078857180239987e-08,0.5512421875,226580,1,1625360806.9584236,0.1500458797206123,2.916063201295188e-11,1.1718319158251571e-14,0.129122436542468,0.09815898751399538,0.09602247764282373,0.07736787652886236,0.11135716209129948,0.05008220071146133,0.07425346164203007,0.0803511954534503,0.05746254907240748,0.06622826287220623,0.08453209370881105,0.07506129622018452
63,1.6754454218547035e-06,2.3071800328552674e-08,0.55401171875,224168,1,1623857547.603024,0.14986126840124078,2.9160571764537345e-11,1.1778567572793273e-14,0.12925254006641893,0.0981794721738456,0.09599018522566223,0.07735480550247836,0.11125878711387817,0.05004336268834565,0.07426653599103132,0.08041839706120836,0.057453799347091876,0.06615806581257447,0.08449378468133711,0.07513026433612781
64,1.6985385805220716e-06,2.309315866736817e-08,0.5565625000000001,221711,1,1624404864.9292607,0.15005055714342475,2.916051473830826e-11,1.1835593801874109e-14,0.12931288601909038,0.09816114542391914,0.09603102189781021,0.07736173498034811,0.11121209994385177,0.04997894441325098,0.0742630544637844,0.08048147108366085,0.05748526108927569,0.06615665356541268,0.08440131948343627,0.07515440763615945
65,1.7216239583177316e-06,2.3085377795659974e-08,0.559189453125,219338,1,1625399692.6996412,0.15009186389968338,2.9160461427695016e-11,1.1888904415122964e-14,0.1294598417771258,0.09811215312341734,0.09611777649709226,0.07737552609978869,0.11109481147727075,0.04995372068248896,0.07422853250903756,0.08051902691185973,0.05754003597562041,0.06610782207785404,0.08432615567314578,0.07516459719529872
66,1.74469520668109e-06,2.3071248363358495e-08,0.561865234375,216808,1,1628375299.372514,0.15027460384232608,2.916042073782986e-11,1.192959428027374e-14,0.12953158946728077,0.09814895281133222,0.09631354827496307,0.07736508212392457,0.1109898322760059,0.04989310854262623,0.07421917093942818,0.08057008777266012,0.057561484313895885,0.06598765968540887,0.08428608672981663,0.07513339706265751
67,1.7677242958686075e-06,2.3029089187517417e-08,0.564388671875,214268,1,1629735841.410395,0.1501253281757349,2.9160386949681986e-11,1.1963382428145829e-14,0.12956842822882886,0.098159997508366,0.09635010226081178,0.07739984150439322,0.11084310665231668,0.049832679856177335,0.07422300816356191,0.08064242629781254,0.057643260303079584,0.06596254935684696,0.08422761076524307,0.07514698910256187
68,1.7907341598276323e-06,2.3009863959024796e-08,0.567033203125,211526,1,1632331436.3372898,0.15023889714464234,2.9160372297685185e-11,1.1978034424947644e-14,0.12967715046448589,0.09818442344852767,0.09636574688017746,0.07740742144040563,0.11076704750948091,0.04978971552178451,0.07419029281381644,0.08074166181571434,0.05768442517075927,0.06592702560269495,0.0841241246757899,0.07514096465636314
69,1.813707435453656e-06,2.297327562602387e-08,0.5695644531249999,208877,1,1631343522.5270572,0.1499092175349711,2.9160358133486374e-11,1.199219862375672e-14,0.12988268859497218,0.09819729302475508,0.09640384476899495,0.07745433222343005,0.1106657019309574,0.04977419011923173,0.07411776405353598,0.0807326047521235,0.05770582647788023,0.06585007046914275,0.08400744812545222,0.07520823545952397
70,1.8366946233035273e-06,2.2987187849871165e-08,0.5719960937499999,206192,1,1631652122.3844538,0.15002837537156968,2.916035544585106e-11,1.1994886259068363e-14,0.12998272223777751,0.09817593269184804,0.09652327717491514,0.07745627633492908,0.11057767822387336,0.04971624860855966,0.0741646236111206,0.08076841652382351,0.05773367661219277,0.06581598158859804,0.08389958410445875,0.07518558228790352
71,1.8596774635091948e-06,2.2982840205667418e-08,0.57463671875,203509,1,1632204498.8662248,0.15005078072165565,2.916036140882721e-11,1.1988923282920211e-14,0.13013656726056544,0.0981870339276853,0.0966269450128138,0.07748441610528392,0.11051819423956713,0.049657732126955206,0.07408552958050943,0.080828920445662,0.05773348650981939,0.06574806093523762,0.0838403339066122,0.07515277994928861
72,1.8826525257799143e-06,2.297506227071948e-08,0.57704296875,200800,1,1702229005.5506382,0.15643526960620327,2.9160372956779155e-11,1.1977375330976183e-14,0.13026069061689785,0.09820745584641526,0.0967384902824882,0.07747947171395111,0.11037550009138726,0.04959958841886505,0.0740981431462941,0.08088787798785566,0.05772966971967806,0.06570066949628697,0.08376488427665293,0.07515755840322767
73,1.9046824641006219e-06,2.20299383207076e-08,0.5793984375,198243,1,1704985878.1176891,0.15024293493044075,2.916039291087628e-11,1.1957421233856376e-14,0.13035813006485716,0.0981351887059585,0.09678343648450036,0.07746787481628306,0.11032455537127679,0.04958335018809919,0.07411714736458881,0.08101074659870826,0.05771408923587234,0.06563920014023165,0.08365694483772232,0.07520933619190164
74,1.9266767811687494e-06,2.1994317068127356e-08,0.58163671875,195673,1,1726255846.851019,0.15187127374540005,2.9160418073319314e-11,1.1932258790818482e-14,0.13046763242197734,0.09813363420842316,0.09687439136595949,0.07747869361110553,0.11024922934338044,0.04955036635571765,0.07411399673604256,0.08105494328370239,0.057743839784014685,0.0655780092545954,0.08353649117858417,0.07521877245649737
75,1.948400096440009e-06,2.1723315271259648e-08,0.5837578125,260383,1,1726811983.279924,0.15004832450791572,2.916098942482863e-11,1.1360907281499521e-14,0.13162297078465224,0.09758635457234244,0.09714805744034474,0.07704326762222133,0.11063154936363272,0.04950750123793846,0.07333614378822553,0.08110838987700913,0.057202794395149956,0.06597542859437106,0.08339021158710402,0.07544733073700834
76,1.9701164155083836e-06,2.1716319068374845e-08,0.58665625,258278,1,1673617249.8746564,0.1453792247864563,2.916090247152635e-11,1.1447860583783577e-14,0.13173840089490224,0.09762025249027859,0.09716081606562615,0.07707878335907953,0.11049446012890855,0.04949262238320993,0.07330008522878602,0.0811437969424173,0.05723645661322111,0.06593245618707719,0.08332112608533532,0.07548074362115804
77,1.992522972325845e-06,2.2406556817461407e-08,0.58921875,256011,1,1668678911.6212332,0.14955739537336332,2.9160809486764876e-11,1.1540845345250996e-14,0.13190135242641207,0.0976332537788385,0.09719238928666137,0.07714134181914611,0.11042495359321133,0.04943317422434368,0.07333267037920975,0.08116547334924422,0.05721625563511004,0.06588438080084857,0.08323720498541501,0.07543754972155926
78,2.0149958397773586e-06,2.247286745151363e-08,0.591541015625,253649,1,1678051912.261021,0.1508425528040036,2.916072097236536e-11,1.1629359744775122e-14,0.13208680980886128,0.09765278057510014,0.09723675912688325,0.07718188391680893,0.11024238201994922,0.0494074996120435,0.07330562058183572,0.081150596462497,0.05725247549270478,0.06587666614939132,0.08313495273534104,0.07547157351858395
79,2.0373431817910345e-06,2.234734201367596e-08,0.5939785156249999,251199,1,1737390232.3796484,0.15530421493683186,2.916063928759376e-11,1.171104451636447e-14,0.1321399329863178,0.09770581716905008,0.09729479114945894,0.0772696034749784,0.1101582614585834,0.049349428016191146,0.0732777187727092,0.08122202967936684,0.05726085684128149,0.06579704521615037,0.0830667144552919,0.07545780078062063
80,2.0589272791924788e-06,2.1584097401444136e-08,0.5962539062500001,248751,1,1738063435.6503243,0.15005812193986096,2.9160561103487875e-11,1.1789228622257811e-14,0.13225804338283947,0.09767690201191029,0.09738864394232216,0.07729902188795933,0.11007199900419938,0.04935109177743856,0.07329616551254249,0.08121343544657071,0.05725853473182172,0.06572939118585439,0.08298229178267962,0.07547447933386181
81,2.080503016435906e-06,2.157573724342735e-08,0.598392578125,246318,1,1668603317.3749018,0.1440053869567684,2.916048152772168e-11,1.1868804388444193e-14,0.1323859166974022,0.09762155775400895,0.09740940083622464,0.07733935641383001,0.109978882226799,0.04930200374048966,0.07330184707076574,0.08126915532171147,0.057262784086272785,0.0656772538408562,0.08289460370719734,0.07555723830444191
82,2.102976901996074e-06,2.247388556016786e-08,0.6005859375,243789,1,1679955266.048286,0.15102048958148212,2.916040030759296e-11,1.1950024517175658e-14,0.13252032520325205,0.09764227642276423,0.09754471544715447,0.07731707317073172,0.10989268292682927,0.049274796747967475,0.07326178861788618,0.08134634146341464,0.05728455284552846,0.0656130081300813,0.08279024390243903,0.07551219512195123
83,2.1252989249438697e-06,2.2322022947795656e-08,0.602890625,241224,1,1669719847.4178004,0.14908609900180003,2.91603233244758e-11,1.2027007634335432e-14,0.13264545807956457,0.0976286121549825,0.09760917454969546,0.07737138784501749,0.10980303226642475,0.049238693792924705,0.07319230270830633,0.08140145134119475,0.05734417519761564,0.0655371258260982,0.08272644810159388,0.07550213813658156
84,2.1477577823731523e-06,2.245885742928267e-08,0.605171875,238644,1,1677883679.8519266,0.15073340139485833,2.9160244646272844e-11,1.210568583728812e-14,0.13275864294750975,0.09767369807131239,0.0977091993493584,0.07745410652965325,0.10971831349564948,0.0492273630941623,0.07318427099739228,0.08142702228189307,0.05732165448865251,0.06547726627249491,0.08257920012393173,0.07546926234798998
85,2.1701073650351096e-06,2.2349582661957457e-08,0.607515625,236037,1,1676476057.9958134,0.14987416095588008,2.916017003320074e-11,1.2180298909386496e-14,0.13291517707877884,0.09768910264653688,0.09780484041048329,0.07745749852112858,0.10964224171189013,0.049169260049895844,0.07321378050976056,0.0813925824953062,0.05736413672487849,0.06537897687816671,0.08247601656336,0.07549638640981457
86,2.1924757131073335e-06,2.2368348072223793e-08,0.60983984375,233395,1,1676850523.532058,0.15003350470182308,2.916010140999752e-11,1.2248922112616095e-14,0.132994702758793,0.09765627502097761,0.09793811131252443,0.07748576406459178,0.10956065565370009,0.049170824819528704,0.07315253108205921,0.08141866140572257,0.057417739032404776,0.06534758741729067,0.082382669630218,0.07547447780218937
87,2.2148390659964217e-06,2.236335288908837e-08,0.612052734375,230600,1,1684997427.6104052,0.15072876836343052,2.9160042127767465e-11,1.230820434267118e-14,0.133075491988729,0.09767655590338609,0.0980658708048926,0.07751195866879831,0.10946450054408352,0.049117499704822716,0.07312418826247483,0.08145616537586439,0.057449476818212275,0.06528045032884344,0.0822986172938785,0.07547922430601428
88,2.2370942928504954e-06,2.225522685407358e-08,0.614375,227747,1,1678515803.344557,0.14942299992632269,2.9159992424385473e-11,1.235790772465289e-14,0.13312245676500506,0.09766340284842318,0.0982038402848423,0.07753687690742624,0.10938135808748725,0.049071719226856554,0.07314025940996947,0.081462995930824,0.057515259409969474,0.06522761953204474,0.08221960834181076,0.07545460325534077
89,2.25943545873364e-06,2.234116588314432e-08,0.6166953125,224906,1,1678215035.1498501,0.14997312195147872,2.91599462739747e-11,1.2404058135433426e-14,0.13323599832778035,0.09764115687193582,0.0982555708983113,0.07752701521466485,0.10929918796001872,0.04908661337522327,0.07310576789084966,0.08150487097305445,0.05756172644007246,0.06519122844800283,0.08214778874292157,0.07544307485716456
90,2.281780628580513e-06,2.234516984687339e-08,0.61898046875,221997,1,1679606079.376788,0.15012433247806176,2.915990688910266e-11,1.244344300747509e-14,0.13340043796818105,0.09770981768154537,0.09830934184868009,0.07747429934557204,0.10920174934841188,0.04908209694621321,0.07306937441230854,0.0815352867303214,0.05759534011952618,0.06515250001577694,0.08199912911226247,0.07547062647120074
91,2.3041072922312627e-06,2.232666365074973e-08,0.62130859375,219200,1,1685389506.7830737,0.15051649855379468,2.915987312019708e-11,1.2477211913056479e-14,0.13348841595674454,0.09777121121624596,0.09837477602087331,0.07754235956115811,0.10908490773631765,0.049067932476187494,0.07305334632674233,0.08156926849203107,0.05759957247493007,0.06506239979881175,0.08192763509477856,0.07545817484517936
92,2.3263573417593253e-06,2.225004952806237e-08,0.6236445312500001,216139,1,1673627569.4004164,0.14895318524275963,2.9159861531431325e-11,1.248880067880745e-14,0.13363669959224067,0.0977369670472838,0.09842282951150308,0.07754003996166688,0.109061527187087,0.049043863879789304,0.07309602700857486,0.08159257890550131,0.057599919826122906,0.06502226704164657,0.08179301359824119,0.0754542664403425
93,2.348763760418785e-06,2.240641865945989e-08,0.62587890625,213112,1,1675165476.0987267,0.15013783592536611,2.9159853547410343e-11,1.2496784699783248e-14,0.13378062100171634,0.0976813855515681,0.09851146824777657,0.07766266188172881,0.10893119051334062,0.049002964581057885,0.0731003276642222,0.08156342643158059,0.05763145576533,0.0650054610703698,0.08171009517865502,0.07541894211265408
94,2.371149608584265e-06,2.238584816547993e-08,0.628203125,210079,1,1674879212.2452745,0.14997436696336544,2.915985895235499e-11,1.249137975513996e-14,0.13392923765700784,0.09770861833105336,0.09855739335903495,0.07770488745180948,0.10882974754383784,0.048958462877751525,0.07305372466111182,0.08159743812958588,0.05761410272354185,0.06496704390001244,0.08162852878995151,0.07545081457530159
95,2.3935392828520165e-06,2.238967426775154e-08,0.630365234375,207157,1,1680965279.4582486,0.15054506024988054,2.915986734249992e-11,1.2482989610213776e-14,0.13403997558459102,0.09770811192667941,0.09865002618149821,0.07774510684839829,0.10876011241003015,0.048920671609650905,0.07302933876999632,0.08158712551936967,0.057661264086110796,0.06488054110495217,0.08158092871506165,0.07543679724366144
96,2.4158478935403263e-06,2.2308610688309822e-08,0.632548828125,204105,1,1601678699.6363642,0.1429249062317839,2.915989212819101e-11,1.2458203919123615e-14,0.13414540008954348,0.09770120266160283,0.09871088262084511,0.07781637410649499,0.10866256001729115,0.04885986444969355,0.07301807852037114,0.08156176184521328,0.05770923069797601,0.06483874453861949,0.08153397248853689,0.07544192796381208
97,2.439260828986439e-06,2.3412935446112744e-08,0.6348847656250001,200998,1,1602094147.2229407,0.15003890739010303,2.915992658976626e-11,1.2423742343873598e-14,0.13426403044351676,0.09773857829761183,0.09881837562795906,0.07784692719212702,0.1085334752554136,0.04884929290194764,0.07301706448943429,0.08156315276209697,0.0577676190007414,0.06476322905546959,0.08141856451558323,0.07541969045809864
98,2.4626676930992644e-06,2.340686411282523e-08,0.6373222656249999,197862,1,1596935375.4090128,0.14951699731664925,2.915996941793598e-11,1.2380914174156989e-14,0.134335859568691,0.0977355819177528,0.09887867021749323,0.07786484589760012,0.10844015948073757,0.04881875768060335,0.07299522844910805,0.0815975042061359,0.05780104134424732,0.06471166900085501,0.08135540239466271,0.07546527984211283
99,2.48615017121169e-06,2.3482478112425408e-08,0.6397304687500001,194661,1,1634438069.7452352,0.15352262479562928,2.9160027402800474e-11,1.2322929309663651e-14,0.13448351661771618,0.09777982670924643,0.09897967283585003,0.07789535387828124,0.10826397836002709,0.04877542422040532,0.07293415806217217,0.08172997661368617,0.057824645388988266,0.06464514474479607,0.08126896703323543,0.07541933553559542
100,2.5090938364958966e-06,2.2943665284206966e-08,0.64037109375,269951,1,1599858671.3443277,0.14682648742944135,2.9160423502877595e-11,1.1926829232538921e-14,0.13489492786775245,0.09826760606337877,0.09952725165461919,0.07754902857839996,0.10867111965108121,0.04915667795162717,0.0720986976545582,0.0824991612529356,0.056528502150242466,0.0649312227407204,0.08111446609936865,0.07476133833531581
101,2.532533406922758e-06,2.3439570426861227e-08,0.643552734375,267328,1,1623448014.4476228,0.15221169627597234,2.9160321459969254e-11,1.2028872140875561e-14,0.13506869520089593,0.09823702044619256,0.09969074261226893,0.0775965936163691,0.10849805310486527,0.049077538930315426,0.07203967235105417,0.08257688187217564,0.05657680296450065,0.06485300410623401,0.08101086801477395,0.07477412678035442
102,2.555632391101047e-06,2.3098984178288794e-08,0.6460839843749999,264516,1,1624139413.1083536,0.15006388242690044,2.9160214265036275e-11,1.2136067073856753e-14,0.13522574404087123,0.09824513671609306,0.09980803821097659,0.07757674692785563,0.10839341586178751,0.04901827415771097,0.07200834353602685,0.08261914478755725,0.05663930833295546,0.06481960126362249,0.08091416133859339,0.0747320848259496
103,2.5787215420060364e-06,2.3089150904989586e-08,0.64850390625,261612,1,1627579699.5696073,0.1503177331730411,2.916011679056561e-11,1.2233541544527192e-14,0.13541986664016337,0.09821283362547209,0.09994458398838672,0.0775944632176223,0.10833830270393997,0.048958841564418105,0.0719655216032093,0.08265719775685623,0.0566508249155207,0.0647614400934844,0.08076582518657728,0.07473029870434957
104,2.6017618883619885e-06,2.3040346355951965e-08,0.650767578125,258789,1,1625984366.6270387,0.14985297190580063,2.916001536785361e-11,1.2334964256521536e-14,0.13553706110272423,0.09819233897470835,0.10002611099272793,0.07760066988202033,0.10826157812439037,0.04891459304367138,0.07194628938783228,0.08270281788633013,0.05666685674669035,0.06474025564762764,0.08068296752932985,0.07472846068194709
105,2.62482484073083e-06,2.3062952368841308e-08,0.6530449218750001,255864,1,1550627697.78765,0.1430482109435305,2.915991970456848e-11,1.2430627541648165e-14,0.13559377794526242,0.09821180228437099,0.10006609662069811,0.07767698790820644,0.10818312053810425,0.04886962815416961,0.07198550061460884,0.08274040776530615,0.05672645270502663,0.06469991835123326,0.0805571257241468,0.07468918138886645
106,2.6490085955118797e-06,2.4183754781049585e-08,0.655369140625,252579,1,1549707811.1363266,0.14991101474719212,2.9159825569308674e-11,1.2524762801460108e-14,0.13569404170478827,0.09822112418752552,0.10018208965009581,0.07767270949995381,0.10811833741122757,0.04883340436121103,0.07198948588730707,0.08279863745682449,0.056701107736873,0.06464033568867736,0.0804293858721081,0.07471934054340797
107,2.673206705459137e-06,2.4198109947257116e-08,0.6576875,249212,1,1552116471.0588603,0.1502331400705241,2.9159737242815744e-11,1.2613089294388238e-14,0.13585123063765087,0.0981570132091609,0.10023282333935189,0.07774636510500807,0.10806091418796922,0.048797871329468785,0.07193172099211252,0.08283343628242897,0.0567477192815737,0.06462035541195477,0.08035077924546233,0.07466977097785803
108,2.697367263445109e-06,2.416055798597211e-08,0.66003515625,245905,1,1538547244.120951,0.1486886396229673,2.9159646207788366e-11,1.2704124321769997e-14,0.13600127834099743,0.09815409927264764,0.10033793180997697,0.07780717172972555,0.10795767270919515,0.04872491403748616,0.07192443584326118,0.08281400730311475,0.05678260509324195,0.06452958826767038,0.080289875657665,0.07467641993501765
109,2.7217409056217105e-06,2.4373642176601227e-08,0.6623886718750001,242676,1,1596930674.4189856,0.15569206735650734,2.9159550790269194e-11,1.2799541840939527e-14,0.13608124006687444,0.09814738915442749,0.10038833176565638,0.077866858522806,0.1079072839480691,0.04869332405504462,0.07193425782044742,0.08282641835449943,0.05681379241205037,0.06446543198591745,0.08018741356890752,0.07468825834529977
110,2.745223452861054e-06,2.3482547239343182e-08,0.6646699218750001,239391,1,1540083142.3046129,0.14466030056673668,2.915947026749325e-11,1.2880064616880713e-14,0.13622833231955475,0.09816608925365328,0.10047574130721604,0.07788757930246157,0.10783959378333348,0.04863198662399982,0.07194595531734208,0.08282424018030565,0.056821554401709023,0.06445574783066077,0.08003267599342954,0.07469050368633397
111,2.769572787627412e-06,2.4349334766358266e-08,0.667029296875,235897,1,1602310898.982544,0.1560608179164417,2.9159398894321235e-11,1.2951437788897868e-14,0.1363760142188282,0.09809703120470602,0.10053320605881369,0.07796930771055197,0.10772460683007386,0.04862394185975011,0.07192279199693134,0.08282701694488445,0.056851888181916665,0.06438587604203572,0.07995162787429103,0.07473669107721677
112,2.7929764853890714e-06,2.3403697761659257e-08,0.66930078125,232564,1,1603488065.037453,0.1501102001542575,2.915933081038502e-11,1.301952172511584e-14,0.13645595625098486,0.09807635066913349,0.10058304784027175,0.07802860961474486,0.10762747970421557,0.04863109238302566,0.07193549704974292,0.08282897846983502,0.05692449559650055,0.06433661528764277,0.07984662164922582,0.07472525548467676
113,2.8163630018325997e-06,2.3386516443528442e-08,0.67162890625,229167,1,1604293554.8072188,0.1500753503989829,2.915927874584839e-11,1.307158626173896e-14,0.13659363604110808,0.09812024171644264,0.10062406579153993,0.07802567219388497,0.10755974572081634,0.0486166444686135,0.07190715203824656,0.0828006769921541,0.05691037996475454,0.06430262247218457,0.07974723299813304,0.0747919296021217
114,2.839737776285587e-06,2.3374774452987324e-08,0.6739609375,225616,1,1579900020.1462765,0.1477192265167574,2.915924303034243e-11,1.3107301767702632e-14,0.1366947963879583,0.09817485249284198,0.10071927851901653,0.07805997658432541,0.107442591025537,0.04861070861395435,0.07187568827013806,0.08280686705229115,0.056962685615588815,0.06428587988454448,0.07963068148886596,0.07473599406493792
115,2.863473455456303e-06,2.3735679170716147e-08,0.676275390625,221942,1,1550998322.6709216,0.14725599432494352,2.915922136868936e-11,1.3128963420770891e-14,0.13682769535570813,0.09814210996005814,0.10081356695826466,0.07809029813460103,0.10736369071170505,0.04858874868954205,0.0718434208512273,0.08283538337573973,0.056998784126058126,0.06424781879146176,0.07954010506768174,0.07470837797795256
116,2.8876514313134416e-06,2.4177975857138595e-08,0.678640625,218262,1,1548248902.6707435,0.14973409835845822,2.9159209584390315e-11,1.3140747719820363e-14,0.13692065940644213,0.09815693136555155,0.10094283148757859,0.07810593327654089,0.10726578868602217,0.04856618239587411,0.07184341399396774,0.08285462666635969,0.05703900260170839,0.06417643266640574,0.07940966546174569,0.07471853199180348
117,2.9118723430384957e-06,2.422091172505413e-08,0.6810839843750001,214369,1,1577112531.364789,0.15279641361065288,2.915922618945092e-11,1.3124142659218505e-14,0.13704314411482157,0.09816899187015184,0.1010022511219764,0.0781497784723915,0.10718781813228569,0.04853533687968685,0.07186671063762672,0.0828441564027931,0.057078129704773245,0.06412973344995197,0.07929397932408988,0.07469996988945128
118,2.935649974154995e-06,2.3777631116499053e-08,0.683423828125,210696,1,1549238465.9981878,0.1473488830239831,2.9159243789043627e-11,1.3106543066496867e-14,0.13724840174557676,0.09814153803945552,0.10107369546144326,0.07819086458634003,0.10708661867378462,0.04850920085849911,0.07181499401279746,0.08283201824453507,0.057108481251053826,0.06409879027072443,0.07915396112748024,0.0747414357283096
119,2.959855414971905e-06,2.4205440816910274e-08,0.685796875,207002,1,1580798995.421216,0.15305574610839787,2.915927326175189e-11,1.3077070358239206e-14,0.13743421202524436,0.09814939281401654,0.10119101865986194,0.07820509899523821,0.10705782506664237,0.048472351962816976,0.07178009159053109,0.08278747351393226,0.057141555216331366,0.06404502061926136,0.07906518420632931,0.07467077532979427
120,2.98357759603896e-06,2.3722181067054533e-08,0.688001953125,203388,1,1610346522.428028,0.15280372714295712,2.915931550704725e-11,1.303482506288366e-14,0.13760124000374727,0.0981158642695532,0.10130671640308071,0.07827807538246223,0.10695600087436163,0.04841635510436982,0.07178565649511578,0.08278614761381606,0.057159971270975454,0.06399588936486714,0.07897642914122359,0.07462165407642717
121,3.006864509431649e-06,2.3286913392689365e-08,0.690208984375,199773,1,1572242300.956951,0.14645068117882867,2.915937553041008e-11,1.2974801700051527e-14,0.13776681089004406,0.09811905927495919,0.10135347367050854,0.07833621497112231,0.10687999275581728,0.048374727989428025,0.07175985534272625,0.08281289351334373,0.057186597130058546,0.0639214232555244,0.07887103939873283,0.07461791180773486
122,3.0307157949346377e-06,2.385128550298862e-08,0.69248828125,196064,1,1613595078.5159535,0.1539452676156054,2.915944666873695e-11,1.2903663373181721e-14,0.13796205937600478,0.09808661022016393,0.10143447824590895,0.07835759856044495,0.10682998922590071,0.04833678367752162,0.0716703238434766,0.08281390140853015,0.057190160032040256,0.0638858960835303,0.07883425373849964,0.07459794558797814
123,3.0539558261539257e-06,2.3240031219287855e-08,0.694654296875,192566,1,1566840721.3892562,0.1456537091229513,2.915951779374895e-11,1.2832538361178534e-14,0.13811107705890124,0.0980647410610606,0.10147246129060374,0.07840849343339058,0.10675274065618295,0.048318211340510536,0.07169708403741744,0.0828312194408752,0.05721708471221352,0.06380478149259271,0.07874026817521079,0.07458183730104058
124,3.0778893373832934e-06,2.3933511229367473e-08,0.696966796875,188869,1,1606914384.392426,0.15383641385395302,2.915961738422994e-11,1.2732947880191732e-14,0.13828335393039595,0.09802800640050219,0.10159255927610433,0.07847620969210894,0.10671520287406089,0.048281196142884765,0.07160771983511141,0.08280019167878672,0.057271043332296476,0.06375841747303466,0.07864154665725087,0.07454455270746288
125,3.1012259882741116e-06,2.3336650890818145e-08,0.687908203125,281210,1,1616281999.711754,0.1508744350735466,2.915956120812148e-11,1.278912398865443e-14,0.13907935345206962,0.09749324974659931,0.10180602994244893,0.07791396585550056,0.10763211615830373,0.048238403902228506,0.07062851886238,0.0823431542067352,0.05694062332308373,0.06352478216059214,0.07964021362316125,0.07475958876689692
126,3.124427385064206e-06,2.3201396790094616e-08,0.6910468750000001,278291,1,1645098932.7875226,0.15267437239425805,2.915945033853936e-11,1.2899993570772604e-14,0.1392927397291247,0.0975309200262283,0.10192303344111062,0.07798968955615346,0.10755025210844053,0.048174757501074,0.07052818414090939,0.0823309290704773,0.05699572659235308,0.06345105930766273,0.07948199063920229,0.07475071788726342
127,3.1472223667231257e-06,2.2794981658919728e-08,0.69360546875,275162,1,1624138574.973314,0.14808883611224286,2.9159333769815394e-11,1.3016562294733009e-14,0.13937306758727888,0.09744428737969059,0.10202575987114433,0.07809622500183033,0.10749142557852706,0.0481350281308606,0.07046794658797159,0.08236794827751279,0.05707270095684349,0.063436639389963,0.0793521172766849,0.07473685396169247
128,3.1703115295432477e-06,2.308916282012214e-08,0.6959667968750001,271883,1,1657210720.610021,0.1530544326216669,2.915922680322477e-11,1.3123528885363378e-14,0.1394726872184882,0.09746165827100903,0.10212861492696479,0.07810908274516958,0.10749715857269142,0.04811764210644478,0.07044494646891268,0.08239437607868999,0.057083923835716394,0.06337856230794056,0.07923442827676203,0.07467691919121051
129,3.19293991320842e-06,2.2628383665172167e-08,0.69819921875,268674,1,1614983072.629774,0.14617782632090057,2.9159122870910624e-11,1.322746119950943e-14,0.13950229105007858,0.09748851677585753,0.10229720430348159,0.0782006165414375,0.10740521095004446,0.04807009102658065,0.0704015351993689,0.08243024745578748,0.057080435719121164,0.06332137921774206,0.07913493977251745,0.07466753198798247
130,3.216159970827313e-06,2.3220057618892865e-08,0.700484375,265293,1,1675534544.3118408,0.15562403464546537,2.915901742844895e-11,1.333290366118172e-14,0.13960206107381054,0.09748555686913073,0.10240681671165042,0.07826615511587964,0.10731413530815731,0.048066628002944395,0.0703809863710379,0.08245131716892329,0.057106131917646276,0.06329325689812852,0.07900782940376079,0.07461912515893021
131,3.2385408880858117e-06,2.2380917258498918e-08,0.702572265625,262096,1,1668009890.7366009,0.14932636540373476,2.915890827798041e-11,1.3442054129717613e-14,0.1396931476688619,0.09750442709129675,0.10246666129207126,0.0783199014781064,0.10722317822065677,0.04807390254005231,0.07037754679372951,0.08248150629522652,0.05714214229519316,0.06323860145614468,0.07889257388447028,0.07458641098419035
132,3.2610227691635313e-06,2.2481881077719403e-08,0.704703125,258832,1,1692089508.165317,0.15216542038171751,2.915880431866949e-11,1.3546013440637802e-14,0.13986108955455534,0.09750060974257778,0.10253652912352276,0.07835746435777477,0.10712622779982706,0.04801445644220749,0.07035320724595907,0.08250094232943837,0.05720771158067449,0.06323030531473804,0.07878982727655706,0.0745216292321678
133,3.2831847173459652e-06,2.2161948182434006e-08,0.706833984375,255573,1,1686763577.3800209,0.14952786799165213,2.915870376736183e-11,1.3646564748299619e-14,0.14002525566525464,0.09750510501548773,0.10258387008530001,0.07839203755744005,0.10705196753790419,0.04795813196499575,0.07032348804500702,0.08249262915896421,0.0572894647401623,0.06319166397254482,0.07869875296698801,0.07448763328995105
134,3.305416641548554e-06,2.2231924202588707e-08,0.70892578125,252369,1,1736321248.6783175,0.15440704956784215,2.915860323156294e-11,1.3747100547191123e-14,0.14024299528886686,0.09747913050665344,0.10269443755682288,0.0784141940105243,0.1069399674904262,0.04793509105435711,0.07029782075653634,0.08250544122103755,0.057296746287571976,0.0631429594732347,0.07856572168498774,0.0744854946689809
135,3.3270140274174105e-06,2.1597385868856286e-08,0.7109687499999999,249029,1,1801260012.7694137,0.15561003018368813,2.9158520809451325e-11,1.3829522658810305e-14,0.14042514614742208,0.09749022021010066,0.10277844929893191,0.07845259549030811,0.10683596325436244,0.04791272911080832,0.07028811920355149,0.08247989099380246,0.05730242626697727,0.06312085183068876,0.07844435409432553,0.07446925409872093
136,3.3478327874710155e-06,2.081876005360505e-08,0.71303125,245711,1,1750157275.8853803,0.1457444175309152,2.915844844003764e-11,1.390189207249566e-14,0.1405394004470351,0.0975067931805233,0.10281533505719419,0.07853519305780778,0.10679263268615506,0.047891922689222946,0.07028476574483937,0.0824577069728711,0.05733937415085243,0.06307796818161897,0.07834071087347154,0.0744181969584082
137,3.3692594332454814e-06,2.1426645774465765e-08,0.7150664062500001,242274,1,1802449438.539079,0.1544817825838462,2.9158380322748783e-11,1.3970009361351843e-14,0.1406310602708446,0.09752973117662804,0.1029242257875962,0.07856022987375516,0.10673178299655299,0.047894917976368016,0.07024314830899665,0.08241422070721141,0.05740288544005418,0.06303227956319617,0.07824065728161173,0.07439486061718481
138,3.390064455121931e-06,2.080502187644969e-08,0.716986328125,238893,1,1827479337.4160123,0.15208299037479972,2.9158324893485466e-11,1.4025438624664496e-14,0.14072030008417394,0.09751918430278646,0.10302726527321118,0.07858141036292861,0.10663666551347466,0.047891974055903494,0.0702593592429249,0.08241690888239349,0.05741261846323997,0.0629779050223783,0.07815373048540306,0.07440267831118207
139,3.410584522972889e-06,2.0520067850957813e-08,0.7190390625,235569,1,1828287910.8686583,0.1500663679284431,2.915827629142547e-11,1.4074040684666108e-14,0.14089985549289957,0.09753957647467867,0.10311613807490466,0.07857437769592664,0.10655225615784956,0.04785575366428719,0.07022175864054674,0.08237719612764433,0.05745515390549453,0.06293664504492759,0.07807729500092354,0.07439399371991699
140,3.4310955156765396e-06,2.0510992703650788e-08,0.720935546875,232234,1,1750689700.0824025,0.14363353465898698,2.9158235772378496e-11,1.4114559731635347e-14,0.14098434380240515,0.09758099691427424,0.10315372549232088,0.07862775961139902,0.10651578488238209,0.04784094018460171,0.07019687417878785,0.082377227940041,0.05746114396712171,0.06288486910725266,0.07800194517215314,0.07437438874726035
141,3.452515645125085e-06,2.1420129448545292e-08,0.723068359375,228765,1,1852035319.5391572,0.15868334515122676,2.915820871826622e-11,1.414161384391293e-14,0.14111142024413106,0.09759839659005269,0.10320871070821773,0.07869296158136846,0.10646631245424906,0.04780517056489407,0.07012487473359787,0.08240976092012393,0.05744291768748092,0.06284794347007516,0.07790962451142726,0.07438190653438174
142,3.472763639104666e-06,2.0247993979580876e-08,0.724947265625,225443,1,1828031325.3817308,0.14805586908325816,2.9158193251824723e-11,1.4157080285404477e-14,0.14119561498277083,0.09764180045423564,0.10330762205225057,0.07872070436157803,0.10636010701209409,0.047772871410366596,0.07011285842450825,0.08242787056170572,0.0574610761019794,0.06283592825986804,0.07782354858785527,0.07433999779078758
143,3.493277510765027e-06,2.0513871660360755e-08,0.7268378906249999,221908,1,1661897635.1468205,0.13636781920023572,2.915820496949013e-11,1.4145362619998981e-14,0.14133352680838718,0.09768071779244965,0.1033936061869023,0.07872284967257037,0.1063064806081566,0.04772653376005332,0.07006484101456169,0.08243649584431709,0.057499711130996056,0.0628068393431522,0.07769904417949113,0.07432935365896261
144,3.515842077442858e-06,2.2564566677830944e-08,0.7290078125,218157,1,1856001507.485503,0.16751947907924553,2.915822857379548e-11,1.412175831465244e-14,0.14147010598737583,0.09772486148768124,0.1034448576296979,0.07874572674761288,0.10625529133132575,0.04772111067053894,0.07002507689175141,0.08241616923686947,0.05750270594665267,0.0627726040315926,0.07760440667431119,0.07431708336459014
145,3.53604680241143e-06,2.020472496857221e-08,0.7308222656250001,214739,1,1831377345.7580273,0.14800990233885888,2.9158259907116215e-11,1.4090424993919506e-14,0.14158923088024244,0.09776284739203756,0.10350338472557398,0.07873996809030924,0.10617856064311124,0.047728238472824654,0.0700169169466114,0.08239862526424378,0.057547016016312964,0.06271831012264119,0.0775213065334691,0.0742955949126225
146,3.556523194175727e-06,2.0476391764297125e-08,0.7327070312499999,211341,1,1651005347.1179163,0.13522652917014327,2.915830513218902e-11,1.4045199921113519e-14,0.1416728420401657,0.09776460364764653,0.1035516838777436,0.07879332313286029,0.10611068757230518,0.04772541890357354,0.06998875104625933,0.08241324710912551,0.05756958624109014,0.0626742654859708,0.07743651804897293,0.07429907289428649
147,3.5792366275788724e-06,2.271343340314555e-08,0.7347753906250001,207490,1,1853164576.37336,0.16836692076209903,2.915837608262478e-11,1.3974249485354789e-14,0.1418136388405258,0.09784293138049735,0.10362435374330486,0.07886657540436731,0.10602995707127766,0.04771068965058945,0.06991666777421886,0.08239922382743453,0.05755638548132004,0.06262808840924497,0.07733815340040671,0.07427333501681266
148,3.599472283104615e-06,2.0235655525742586e-08,0.73668359375,204038,1,1832147903.4382925,0.14829885538475515,2.9158445943803004e-11,1.3904388307126845e-14,0.14188641027408516,0.09788378024402011,0.10369529829101069,0.07891946063173746,0.10598331839801474,0.047698458569072746,0.06986812732314902,0.08237667757210046,0.05758228123293264,0.06259842728444093,0.07725713316117948,0.07425062701825642
149,3.6199400629872467e-06,2.046777988263163e-08,0.7385039062500001,200671,1,1547453641.033125,0.12669176201297147,2.915851847046183e-11,1.38318616482996e-14,0.1419809898602009,0.0978937569092919,0.10371210798859604,0.07897089237637328,0.10594952844909207,0.04767874238986126,0.06981756824661346,0.08236404893762199,0.057606965095182934,0.06255785292266354,0.07721745293747388,0.07425009388702879
150,3.644173422233449e-06,2.4233359246202624e-08,0.7277675781249999,291283,1,1858051026.219043,0.1801072720645661,2.915876285948015e-11,1.3587472629982668e-14,0.14158237546864472,0.09847108425004761,0.10395392588099843,0.07847736415676149,0.10632901880483175,0.04826403518894736,0.0695325226707316,0.08314972210070928,0.05621858369317556,0.06309964387024745,0.07826535021214812,0.07265637370275645
151,3.664355860428545e-06,2.018243819509571e-08,0.7302460937499999,288577,1,1661689768.7358837,0.13414780422773945,2.915865141007949e-11,1.3698922030639041e-14,0.14178653386326315,0.09848456481387374,0.10408520244138587,0.07853730816345089,0.10622756669145142,0.048223255216830796,0.06941955569344667,0.08314299010928465,0.05631930588468143,0.0630299075119154,0.07812274329608491,0.0726210663143311
152,3.6869232497845784e-06,2.256738935603353e-08,0.732564453125,285228,1,1626566120.6991594,0.14682940383660384,2.915853372332015e-11,1.3816608789986067e-14,0.14195903197510887,0.09852215435395245,0.10418771812420519,0.07860603135922875,0.10614733665179847,0.048177288154572596,0.06936782972914608,0.08308782556995574,0.05637835834624195,0.06293708158145216,0.07801148043180929,0.0726178637225287
153,3.709977953508446e-06,2.3054703723867728e-08,0.735009765625,281750,1,1829694097.396669,0.16873222128315915,2.9158413196833786e-11,1.3937135276345794e-14,0.14208729156978675,0.09852919683783963,0.10430080382647977,0.07863947385903142,0.10604663522221484,0.04814721318009699,0.06935494585796852,0.08310104298146549,0.056429947518767024,0.06286321663455789,0.07794060984521357,0.07255962266657809
154,3.7304731827674547e-06,2.0495229259008848e-08,0.7369921875000001,278656,1,1626536711.8430157,0.13334497122966807,2.9158301669928015e-11,1.4048662182119248e-14,0.14220596809243652,0.09853712831928763,0.10437006413314251,0.07869825621455451,0.10593099061854029,0.0480892563735623,0.06932209678274234,0.08312927333439338,0.05647691736895107,0.06282397837494037,0.077876715959082,0.07253935442836698
155,3.753528303335566e-06,2.3055120568111277e-08,0.73923828125,275182,1,1626579028.3155918,0.15000390244550904,2.915818604584948e-11,1.416428626065386e-14,0.14239742133213557,0.09855742555945994,0.10438056487621866,0.07873920050727892,0.10586541256043752,0.048017120663689926,0.06930434093371027,0.08314354408306691,0.05654838965362361,0.06275463024122169,0.07775634759174614,0.07253560199741076
156,3.7765828241102705e-06,2.3054520774704208e-08,0.74146484375,271783,1,1626901958.3817527,0.15002977999167635,2.915806029842774e-11,1.4290033682396915e-14,0.14255986091720885,0.09853278191923714,0.1044200932486895,0.07879514263888523,0.10578457972236124,0.047988831230408556,0.06926217632958406,0.08312830914311302,0.05659721307588968,0.06274793878249875,0.07765982667333983,0.07252324631878408
157,3.7996327687039202e-06,2.304994459364995e-08,0.7436367187499999,268097,1,1828175654.5684364,0.1685573901810488,2.915794767754875e-11,1.4402654561384377e-14,0.1427633410550977,0.09850239794926749,0.10446969338817362,0.07884604272709604,0.1056804870489728,0.04796686470103115,0.06924899275624964,0.08308776021557905,0.05661576605680487,0.0627564072258905,0.07753544394892078,0.07252680292691639
158,3.820145020853374e-06,2.0512252149453517e-08,0.7455234374999999,264870,1,1654528874.2723522,0.13575245383050388,2.915784461631262e-11,1.4505715797518794e-14,0.14288932901589696,0.0985412933446509,0.10447514854286523,0.07889800580548482,0.10566453938612762,0.0479345468263699,0.06920211260963878,0.08307135297138127,0.05664801366489568,0.06272857786580317,0.07743877518941181,0.07250830477747387
159,3.8428100831458e-06,2.2665062292425798e-08,0.747568359375,261280,1,1720875856.6116798,0.15601503395054134,2.915774100210169e-11,1.4609330008443192e-14,0.1430523441888414,0.09853300414103017,0.10457342164047498,0.07894083682773576,0.10556622382463977,0.04791315593525884,0.06914867212707868,0.08306357852934645,0.05668377944115687,0.06268500738070044,0.07734190278376507,0.07249807317997152
160,3.864601312220183e-06,2.1791229074382886e-08,0.749654296875,257726,1,1813712058.2992568,0.1580920597494784,2.915764695695692e-11,1.4703375153209124e-14,0.14326655776230188,0.09848289445916476,0.10464198341422999,0.0789765074005466,0.10552780839084681,0.047863207780669735,0.069099558911269,0.08302524861720116,0.05673187901715113,0.06267472246321872,0.07724133259340893,0.07246829918999122
161,3.885277141014729e-06,2.0675828794546512e-08,0.75160546875,254336,1,1699352140.3372016,0.14054205566103264,2.915756475591038e-11,1.4785576199754895e-14,0.14339097037071685,0.09854166341841164,0.1047003549693105,0.07901835134165926,0.10545654874201581,0.04784030019073754,0.06906829651111424,0.0830098071316089,0.05670153993274814,0.06266013897334352,0.07716294806429987,0.07244908035403382
162,3.907344374232535e-06,2.2067233217806694e-08,0.753630859375,250657,1,1725344514.3030481,0.15229431911275515,2.915749144032617e-11,1.485889178396282e-14,0.1435109716243498,0.09855931830020812,0.10474033260854354,0.07908588370363266,0.10540637901409582,0.04781021046548091,0.06903298873422675,0.08300441352929439,0.05669946794036163,0.062608362121915,0.07706701152493528,0.07247466043295608
163,3.929079163829121e-06,2.173478959658564e-08,0.7556328125,246925,1,1635469073.2097433,0.14218630479174676,2.9157432008831e-11,1.4918323279131297e-14,0.1437123272091893,0.09857993610487897,0.10474715935525894,0.0791219073417355,0.10533389853289359,0.0478153658460934,0.06898708656858386,0.08299386896330684,0.05670433514955387,0.06260274397493823,0.07696105292542468,0.0724403180281428
164,3.952008365373974e-06,2.2929201544852905e-08,0.75772265625,242893,1,1815346184.0709984,0.1664977541129743,2.915738372598799e-11,1.496660612214375e-14,0.14383148517607758,0.09861993947736071,0.10484490429277697,0.07915371410012527,0.10525990194713805,0.047763394629260165,0.06891023162539889,0.08299953087221681,0.056694865886161766,0.06260536042932925,0.07689313681518942,0.07242353474896508
165,3.972665582343965e-06,2.065721696999109e-08,0.759587890625,239261,1,1664567456.106428,0.13754132440790642,2.9157349791203136e-11,1.5000540906997972e-14,0.1439282711379783,0.09866061212263023,0.1048111511947525,0.0792396164655485,0.10520713071695434,0.047756673154902556,0.06891329334111579,0.08296028119688667,0.056712495725221065,0.06259304875947844,0.0767917430555734,0.07242568312895818
166,3.995193957425691e-06,2.2528375081725943e-08,0.76165234375,235328,1,1728074687.7940283,0.15572285894344132,2.915733224224063e-11,1.5018089869503845e-14,0.14410999933327517,0.09862654692973233,0.10485785940312743,0.07931717124056968,0.10508864875399393,0.04774005938979295,0.06888036392916304,0.08291492078796613,0.05677930896539697,0.06253365678033469,0.07669899427129544,0.07245247021535209
167,4.016894408375453e-06,2.1700450949762235e-08,0.763625,231511,1,1657019606.3785124,0.14383229076404494,2.915732458530909e-11,1.502574680104538e-14,0.14428251350466528,0.09866846046816174,0.10487856032083813,0.07939106236699951,0.10497575298739567,0.04772415698150271,0.06879706171222788,0.08287976755606484,0.05683213291864463,0.06250511540350305,0.07661339826485514,0.0724520175151416
168,4.039525401910863e-06,2.2630993535410155e-08,0.7655527343749999,227454,1,1819469439.0944989,0.16470560445609578,2.9157342257550274e-11,1.500807455985378e-14,0.14442179491431587,0.09870319392391629,0.10491041246240078,0.07948964570635492,0.10486193849929712,0.04768052086548985,0.06875393850950216,0.08286751555631525,0.05684975367572959,0.062475284656970165,0.07654293900189559,0.07244306222781231
169,4.0601358057979775e-06,2.0610403887114884e-08,0.767322265625,223657,1,1640998231.777874,0.1352865453399334,2.9157373810720405e-11,1.497652138972792e-14,0.14459018145997776,0.09869956652217406,0.10494337807258908,0.07950487312564748,0.10480083692019476,0.047667288587289906,0.06870738083177853,0.08283168180742181,0.05690700971570676,0.06245593314819953,0.07645805599321912,0.07243381381580119
170,4.082987749982812e-06,2.2851944184834445e-08,0.769224609375,219635,1,1678029937.951058,0.15338498593015515,2.915741609659256e-11,1.49342355175665e-14,0.14477342494344192,0.09876524401855563,0.1049098244732038,0.07957739505335884,0.10470923692943634,0.04765350660034583,0.06866949520494207,0.08279695208496787,0.05692115893896807,0.062420812354161435,0.07637307251874477,0.07242987687987344
171,4.105335384641696e-06,2.2347634658883982e-08,0.771009765625,215630,1,1727998839.6719284,0.15446674703985477,2.915747924530482e-11,1.4871086805312622e-14,0.14496766365130956,0.09876708962728971,0.10491264246105833,0.07962620042203179,0.10462385720835857,0.04763436747163446,0.06864222800355663,0.08278257256996077,0.0569489584731873,0.062400413418888086,0.07631023642392662,0.07238377026879829
172,4.127036788102777e-06,2.17014034610808e-08,0.7728242187500001,211697,1,1651634337.357067,0.1433711325006422,2.9157559240825976e-11,1.479109128415919e-14,0.14511759324312712,0.09879803682718115,0.1049367427707829,0.0796186875451747,0.10456018155810415,0.047618566236864585,0.06860237663197585,0.08279292166010423,0.05695930611646609,0.062365107686397796,0.07621194583583953,0.07241853388798189
173,4.149741571571984e-06,2.2704783469207364e-08,0.7747421875,207715,1,1664007223.9481454,0.15112369484375798,2.91576446349074e-11,1.4705697202732513e-14,0.14526757893250777,0.09884336523238578,0.10496939506085692,0.07967872376899574,0.10448284207448041,0.04758891566751036,0.06854598808071233,0.08277199068238425,0.05700232940393477,0.062306513255417625,0.0761215928685954,0.07242076497221858
174,4.172277531428592e-06,2.2535959856607322e-08,0.776650390625,203675,1,1690184300.7815523,0.15235970221072392,2.915775400849714e-11,1.4596323612992932e-14,0.14544128556878622,0.09883690226206791,0.10493782142363163,0.07974449571854292,0.10443988985150071,0.0475700687799419,0.06848570961536043,0.08274968879276741,0.057028253844509554,0.062279168605162895,0.07602509776308014,0.07246161777464824
175,4.194464460973884e-06,2.2186929545292633e-08,0.7596328125,298990,1,1672119763.5238152,0.14839681353837708,2.9157972334459325e-11,1.4377997650804402e-14,0.14535188670513097,0.09905330494790862,0.10466611129966163,0.07802906420659653,0.10512634599364412,0.047239620293521745,0.06766992687667767,0.08356216510855367,0.05692768915903037,0.06269219297974966,0.07639124577046887,0.07329044665905607
176,4.21689108424456e-06,2.2426623270675733e-08,0.76221484375,295849,1,1643366937.4282837,0.14742068480475304,2.915784710492603e-11,1.450322718410879e-14,0.1454924228835579,0.09909443593147027,0.10470872816165881,0.07810041665171914,0.1050546567107576,0.04722565303622769,0.0676328749993594,0.08353790095681274,0.057003900024086875,0.06262844198906353,0.07626571412464701,0.07325485453063901
177,4.239710090241288e-06,2.2819005996727673e-08,0.764552734375,292429,1,1714324394.1891665,0.15647671452535653,2.9157712803114255e-11,1.4637528995875227e-14,0.14561975828392315,0.0991413995621419,0.10477173388240164,0.07811705679638065,0.10496077414542306,0.04723962897016485,0.06760488541350003,0.08351747728323596,0.057039067469491715,0.06258254545268757,0.07617300760503869,0.07323266513561084
178,4.26158459668074e-06,2.1874506439451665e-08,0.766693359375,289074,1,1658874748.5693588,0.14514826547929682,2.9157585130678595e-11,1.4765201431537794e-14,0.14572267779399667,0.0991779328335206,0.10480018953144465,0.07820210064017814,0.10488935082932747,0.047224918290039164,0.06760973845170135,0.08350847159703172,0.05705049331672388,0.06254028180065063,0.0760673244222985,0.07320652049308747
179,4.2841902816683134e-06,2.260568498757403e-08,0.768951171875,285486,1,1538362275.5024755,0.13910293198710613,2.915746641624101e-11,1.4883915869115055e-14,0.14582820044551353,0.09920676245799499,0.10485315072529293,0.0782849000388618,0.1048201309108643,0.04722087461868465,0.06759664010688261,0.08346139094698289,0.057065859289870804,0.06249634877051992,0.07598621295748319,0.07317952873104853
180,4.3085668544672996e-06,2.4376572798986095e-08,0.77130078125,281521,1,1711977448.1675851,0.16692857158191834,2.915734107164513e-11,1.500926046499873e-14,0.14596891412133522,0.0992717254232653,0.10493130010686089,0.07835029095531595,0.10476670397512321,0.047196041589644126,0.06756291370604652,0.08342491630919766,0.05706674499754373,0.06248322385580367,0.07586868773834787,0.07310853722151602
181,4.330471348618282e-06,2.190449415098202e-08,0.77345703125,278052,1,1737183855.329399,0.15220853439297288,2.9157218430534406e-11,1.5131901575730192e-14,0.14611247190727508,0.09931062346910431,0.10497462185298352,0.0784348880078786,0.10468169995707179,0.04718567712936542,0.06750587106386202,0.08340445948334638,0.057076841493901666,0.06244034241559557,0.07578343981212594,0.0730890634074897
182,4.352058010205629e-06,2.1586661587347857e-08,0.77548828125,274518,1,1672778136.2782679,0.1444387821542137,2.915710540111055e-11,1.5244930999583225e-14,0.1462208789824959,0.09931242916509256,0.1050069260798388,0.0784812995844352,0.10460143558745749,0.04717793728749528,0.06746757335348193,0.0833874826848004,0.05710363934013348,0.062430424379801036,0.07570331192545018,0.07310666162951769
183,4.374475806796057e-06,2.241779659042713e-08,0.7776953125,270874,1,1739064278.388536,0.15594395700236857,2.9156991664595724e-11,1.5358667514409466e-14,0.14644130795117785,0.09927168617208297,0.10505801396353408,0.07856497061630419,0.10452308001406398,0.047154553217137976,0.06746446330805163,0.08337435330754935,0.057117384097644275,0.06238133507458938,0.07557386106785875,0.07307499121000552
184,4.396039127063177e-06,2.1563320267120034e-08,0.7796640625,267264,1,1691711120.4587834,0.1459156347596049,2.915688692440641e-11,1.5463407703721306e-14,0.1465399761515877,0.0992915618705973,0.10510586490575868,0.07862711303947012,0.1044595528923715,0.04714821086806217,0.06744691724200126,0.08335671412968325,0.057140996222331326,0.062339048267984,0.07549325130013929,0.07305079311001332
185,4.418206032243673e-06,2.2166905180495702e-08,0.7817109375,263271,1,1692391470.0654643,0.15006032498088354,2.915679958790473e-11,1.5550744205404283e-14,0.14663848329485601,0.0993039106926913,0.10521292437461897,0.07866108995692542,0.1043809152599966,0.04711720085149761,0.06741022796550035,0.08333083480746359,0.057158776321970035,0.062338220449934534,0.07542549895561618,0.07302191706892934
186,4.4403640262204145e-06,2.215799397674194e-08,0.78369140625,259502,1,1751336021.416662,0.1552243720552064,2.915670822501412e-11,1.5642107096007972e-14,0.14673894080996883,0.09934704049844237,0.10524112149532709,0.07870903426791277,0.10428660436137072,0.04710529595015576,0.0673619937694704,0.08329968847352025,0.05719875389408099,0.06235763239875389,0.07535451713395637,0.07299937694704049
187,4.461776250683009e-06,2.1412224462594056e-08,0.785673828125,255681,1,1670720041.0881784,0.14309533013573777,2.915663405076659e-11,1.5716281343541063e-14,0.14684349868867538,0.09936981840329136,0.10531366139236573,0.07871428038730686,0.10423228468795445,0.04706350291474525,0.06731880725392465,0.08327097808658471,0.05726324686462904,0.062324587025965474,0.07528370601469181,0.07300162827986527
188,4.484221662887183e-06,2.2445412204174786e-08,0.787693359375,251661,1,1715997297.9354997,0.1540650667736497,2.915657202050193e-11,1.5778311608203665e-14,0.14699267788910955,0.09935804452775732,0.1053263211661819,0.07878273935715188,0.10414109630819814,0.04705193913200876,0.06729498461439279,0.08322361324972291,0.05728752116915737,0.06230365064133558,0.07522458523328844,0.07301282671169529
189,4.506074844150998e-06,2.1853181263814283e-08,0.789736328125,247711,1,1751067221.7113,0.15306555760472285,2.915652815279391e-11,1.5822179316221256e-14,0.1471466198419666,0.09937800640542109,0.10534320938802258,0.0788435618098406,0.10408932965660511,0.0470241996315028,0.06727917990824665,0.0831938072685454,0.057282765954815795,0.0622784997959663,0.07513385846245162,0.07300696187661525
190,4.527490355523172e-06,2.14155113721743e-08,0.791611328125,243793,1,1670995220.4464674,0.14314086858528088,2.9156496790175104e-11,1.585354193503058e-14,0.14722246209644588,0.09938194692885605,0.10536016086650793,0.0789257472767422,0.10404510183688825,0.04701644440606457,0.06726539272893253,0.08316699769309532,0.05731979620285957,0.062261753494282084,0.07507432674158966,0.07295986972773591
191,4.5499320714186725e-06,2.2441715895501187e-08,0.79346875,239671,1,1718010689.7988358,0.154220431223598,2.915648165474171e-11,1.5868677368417686e-14,0.1473676696467252,0.0993388405340475,0.10536459769209562,0.07898960261509985,0.10398615651214997,0.04698761372139735,0.06722116104131386,0.08318400220550588,0.057362845102595414,0.062261234295616565,0.0749945846953645,0.0729416919380883
192,4.5717596422380314e-06,2.1827570819359058e-08,0.7953203125,235643,1,1752022061.5033574,0.15296954249817596,2.915648820043387e-11,1.5862131676259868e-14,0.147466626064577,0.09937034017347572,0.1053550554513217,0.07908321136334615,0.10390860600583492,0.046991188691663154,0.06719482126894628,0.08320154025991887,0.05736927928016425,0.06221451655681182,0.07490103240636144,0.07294378247757882
193,4.593163482306017e-06,2.140384006798543e-08,0.7971015625,231765,1,1691472930.2958415,0.14481606431751545,2.915650100299676e-11,1.5849329113372418e-14,0.14759039096727403,0.09937370747532565,0.10539160434778348,0.07914906546178048,0.10386997814346902,0.0470062433229768,0.0671598271079791,0.08314302796263807,0.05738074469023513,0.06219065167746425,0.07479981181820855,0.07294494702486548
194,4.615333508990063e-06,2.217002668404583e-08,0.79898046875,227581,1,1631813049.8406818,0.14470935543336852,2.9156548239370305e-11,1.5802092739834344e-14,0.14768332689609315,0.09938691398706359,0.10540777064520702,0.07925383423210244,0.10380416448696825,0.046991038383877894,0.06712411813883905,0.08312351189748653,0.057407144847681855,0.06211284889434288,0.0747168021746464,0.0729885254156909
195,4.638314082655447e-06,2.298057366538478e-08,0.800951171875,223418,1,1773294337.2121053,0.16300528458684987,2.915660420504684e-11,1.5746127063290587e-14,0.14777352122842224,0.099410612869952,0.10541177847627455,0.07933926215656677,0.10374871673571705,0.046992467452028466,0.06709551875577621,0.08310919390275723,0.05743171570910563,0.06209901801325085,0.07462562822035324,0.07296256647979575
196,4.65946116422734e-06,2.1147081571892817e-08,0.8026015625,219594,1,1690966560.4556365,0.14303603115719352,2.9156665248039244e-11,1.5685084070888637e-14,0.14789308206710597,0.0994227755443723,0.10543593587260178,0.07945840187670952,0.10369112164543037,0.0469688415601608,0.06705732335276882,0.08304537003689175,0.05748152979081697,0.062068663428499114,0.07455491419504928,0.07292204062959322
197,4.681637829855722e-06,2.217666562838209e-08,0.8043144531249999,215535,1,1630619389.509334,0.14464680387322015,2.915675606914129e-11,1.559426296884391e-14,0.1479690827543837,0.09945872965379582,0.1054445143258161,0.07950044802323407,0.10358442870359802,0.0469756610467474,0.06705050156747423,0.08302635445072837,0.057526668916900794,0.06204332591079845,0.07450541391761714,0.07291487072890587
198,4.704635225962538e-06,2.2997396106815604e-08,0.8060332031249999,211399,1,1664963187.1467698,0.1531592716723217,2.9156848607212785e-11,1.5501724897352033e-14,0.14803156856615998,0.09947442262817763,0.10547652106065342,0.07953689097601342,0.10354043844153829,0.046994225675993304,0.0670020281616423,0.08300681627084802,0.057563928284979735,0.06203218404173603,0.07441438952819193,0.0729265863640659
199,4.727158246465029e-06,2.2523020502491327e-08,0.807755859375,207242,1,1779698397.347876,0.16033673396686868,2.915696557098566e-11,1.5384761124474127e-14,0.14815593936712193,0.09945088025997953,0.10548853763924451,0.079630825178748,0.10345502948707716,0.04701731987977879,0.06697519893802997,0.08295069044976555,0.05759349664265626,0.06202320762335849,0.07433790086829103,0.0729209736659485
200,4.748229232456747e-06,2.1070985991717956e-08,0.785693359375,305067,1,1698683604.9967518,0.14317175378099006,2.915722087100529e-11,1.5129461104839094e-14,0.14716052451681066,0.0990168417127587,0.10480144179976388,0.07809334410540056,0.10509228761419429,0.047755888384811394,0.0674289975762849,0.0837461935243304,0.05620036044994097,0.06252936424088001,0.0758312099931639,0.07234354608166058
201,4.770305150473317e-06,2.2075918016570074e-08,0.78803125,301701,1,1545661184.7638006,0.13648755838496093,2.9157099875330517e-11,1.5250456779620685e-14,0.14733860094380774,0.09909485664432724,0.1048573383035254,0.07815164373240274,0.10496887020660665,0.04774061149224729,0.06737270492128325,0.0836984970456438,0.05622942856009834,0.06248512907958916,0.07572024824523138,0.07234207082523693
202,4.794566612409253e-06,2.4261461935935553e-08,0.790482421875,298024,1,1900883131.7149284,0.18447281497905485,2.9156956723207124e-11,1.5393608903009187e-14,0.14750436714130757,0.0991334899821361,0.10488551542150634,0.07824286494352983,0.10489045702411749,0.04768893599883378,0.06735157278857105,0.0836909818223148,0.05620578809913843,0.06243714899178952,0.07558675354004057,0.07238212424671445
203,4.814294284970673e-06,1.9727672561420675e-08,0.79241015625,295027,1,1713388804.1244364,0.13520469319268413,2.915683021562481e-11,1.5520116485326374e-14,0.14760397718589943,0.09915359095323309,0.10488915837264676,0.07833350586866611,0.10481767944907006,0.04763947016864097,0.06734793475206674,0.08366977723223751,0.05624651848346373,0.06239370591106051,0.07550639120168397,0.0723982904213313
204,4.836180735909147e-06,2.188645093847393e-08,0.794517578125,291453,1,1565248089.3825912,0.13703090205924856,2.915671240501195e-11,1.5637927098180487e-14,0.14776557118731148,0.09919787213644285,0.10495510001401204,0.07840842885693705,0.10473877377437663,0.04759177271978623,0.06730204305383819,0.08362484113541777,0.056274321337879456,0.06239782887119493,0.0753823197547647,0.07236112715803861
205,4.860138599365024e-06,2.3957863455876694e-08,0.796875,287475,1,1968083689.0924823,0.1886043211720631,2.915658228911945e-11,1.5768042990684702e-14,0.14794117647058824,0.09921078431372549,0.10500735294117645,0.07852205882352942,0.1046470588235294,0.04755637254901961,0.06727941176470588,0.08358823529411764,0.056269607843137254,0.06235539215686274,0.07527450980392156,0.07234803921568628
206,4.879192667140613e-06,1.905406777558931e-08,0.7988632812500001,284363,1,1605934775.639013,0.12239836023280629,2.915647078475788e-11,1.5879547352243437e-14,0.14811573084803115,0.09915945019534592,0.10500271381699583,0.07859800791163224,0.10457974954647473,0.04753091550983086,0.06724642925250233,0.08360756739312206,0.0563153699837171,0.06232977521771658,0.07518740006552278,0.07232689025910839
207,4.902543553221947e-06,2.335088608133445e-08,0.80121875,280388,1,1759646353.1771643,0.1643572061459023,2.9156355816331074e-11,1.5994515779057514e-14,0.14829702796520924,0.09916777175396857,0.10499141932212645,0.07867409025313,0.10448437926596202,0.047537442957993684,0.06722912360076447,0.08354703771597957,0.05636676547447248,0.062314735364093765,0.07508824447131324,0.07230196185498655
208,4.92385465356452e-06,2.1311100342572318e-08,0.80323046875,276624,1,1894479885.0742664,0.16149380371121028,2.9156250622996034e-11,1.6099709114091347e-14,0.14850676224425782,0.0991941719715796,0.10497405496359914,0.07869832269108629,0.10441235829925057,0.047513215676929586,0.06719448321475292,0.08353231822669202,0.05635446706901331,0.06231671910789925,0.07499987842063542,0.07230324811430405
209,4.943649004666078e-06,1.9794351101558378e-08,0.805083984375,273161,1,1757187704.356278,0.13912956148547814,2.915615773592899e-11,1.6192596181140678e-14,0.14868644818208504,0.09918899183169459,0.10497012394378498,0.07876701528130557,0.10434179275745203,0.04747660739975207,0.06716836122007847,0.08347828618423447,0.056372709563006586,0.062304253001555066,0.07491211854353316,0.07233329209151801
210,4.964989923400618e-06,2.134091873453987e-08,0.807173828125,269347,1,1895179620.0219955,0.16177949703298225,2.915606763317255e-11,1.6282698937583988e-14,0.1488580187914526,0.09926610255206607,0.10500323031023076,0.07880989079857623,0.10425312081844204,0.047421438129275316,0.06712996009901445,0.08342911344317194,0.05638887611820757,0.062285704606882125,0.07482705136798193,0.07232749296469887
211,4.984776966066033e-06,1.9787042665414886e-08,0.8090605468750001,265749,1,1560101309.2295027,0.12347916467237519,2.9155988506692396e-11,1.6361825417743014e-14,0.1490299078551271,0.09927360774818401,0.10495148935759306,0.07885544335516453,0.10421278537269547,0.04739051610302265,0.06708928903362552,0.08343251118315755,0.05638290938323045,0.062278056870550574,0.07476601671981634,0.0723374670178327
212,5.008813866604575e-06,2.4036900538542823e-08,0.8112109375000001,261503,1,1759457412.6034942,0.16916761131420838,2.915590219653152e-11,1.6448135578615536e-14,0.14922232387923146,0.09934752251167717,0.10499831463379398,0.07885346944671834,0.10413155487070831,0.047349159724563,0.06702460634660758,0.08337025087879808,0.0564308759088939,0.06224538931959358,0.07467135358983001,0.07235517888958443
213,5.03012725545467e-06,2.131338885009482e-08,0.813095703125,257629,1,1824851474.897834,0.15557507631266637,2.915583456595663e-11,1.6515766153500566e-14,0.14936645007866828,0.099352638089862,0.10501195037292368,0.07893491550665978,0.10407753930411598,0.04732347677784317,0.06697493424292286,0.08334274149962166,0.05647542066513733,0.062201991328473115,0.07457272912888387,0.07236521300488824
214,5.050676873062371e-06,2.054961760770118e-08,0.814939453125,253757,1,1689665581.4667366,0.13888792633614203,2.915579467525598e-11,1.65556568541483e-14,0.14953421098672495,0.09935314404588147,0.10501882568921675,0.07901277175020192,0.10400264590208724,0.047278723256376894,0.06691927362318424,0.08333153584550232,0.056489050902458725,0.062183492351090115,0.07447351581429792,0.07240280983297744
215,5.072870613889741e-06,2.2193740827369888e-08,0.816875,249690,1,1827251800.6454089,0.16221421155947663,2.915576220439396e-11,1.6588127716174095e-14,0.14967004590665645,0.09936400153022189,0.1050090856924254,0.07907421576128539,0.10393553940321347,0.04723842769701606,0.06688982402448355,0.08331819051262433,0.05652496174445295,0.06215809104820199,0.0744046480489671,0.07241296863045142
216,5.093393236982385e-06,2.052262309264356e-08,0.818658203125,245758,1,1689450201.0214314,0.13868779883741494,2.915574959903452e-11,1.6600733075615972e-14,0.14977824326677847,0.09938137148010391,0.10500938798004546,0.07918826776857137,0.1038666071816258,0.047228577631556974,0.06684432653470213,0.08324645177298026,0.056544984766898954,0.06212767175709107,0.07433801022538308,0.07244609963426242
217,5.115589807190449e-06,2.219657020806397e-08,0.820568359375,241587,1,1688887744.5968645,0.14995006158593246,2.915574890026799e-11,1.6601431842139647e-14,0.14997227055370824,0.09939518864354213,0.10503628630117748,0.07927765387462482,0.10378429585057994,0.04720670457547765,0.0667863118884348,0.08322166181500532,0.056560929805227415,0.062094918013667164,0.07423874934246699,0.07242502933608802
218,5.137793769602972e-06,2.220396241252328e-08,0.822513671875,237450,1,1830253344.3747685,0.16255550585556955,2.915576148051914e-11,1.6588851590991587e-14,0.15015185442871148,0.0994426859355966,0.10500157909609213,0.07933236292139899,0.10368606144939649,0.047185290897995134,0.06677083160186831,0.08319818012143604,0.05658150629145126,0.06209290784015272,0.07413915517171779,0.07241758424418285
219,5.158282736398337e-06,2.0488966795364793e-08,0.8243007812500001,233604,1,1639638377.610289,0.13437798510105206,2.915578198693864e-11,1.6568345171499825e-14,0.15033337914236025,0.09949957587159572,0.10493979272205137,0.07939020287080432,0.1036152799958298,0.04716829130750021,0.06673269485027557,0.08316233929324571,0.05660100179602978,0.06207912956530393,0.07404713274982111,0.07243117983518228
220,5.181153633122928e-06,2.2870896724590474e-08,0.8261796875,229321,1,1714382892.011217,0.1568378962783732,2.9155832368724215e-11,1.6517963385918703e-14,0.15047848247297899,0.09957116244763643,0.10494699813713347,0.07943423702849146,0.10352384374615843,0.04714849032160453,0.06670386095639758,0.08309850497867634,0.056609393764597976,0.062058514813098695,0.07396383958544128,0.0724626717477849
221,5.203027393164949e-06,2.1873760042021368e-08,0.827970703125,225177,1,1746707662.1897871,0.15282825706519812,2.9155898974564975e-11,1.6451357545153143e-14,0.1506695823042501,0.09957987455209816,0.10492285119161353,0.07948886702947011,0.1034320073787333,0.04710783377091487,0.06664921058404749,0.08307444075665042,0.05665914167969976,0.0620705272916416,0.07387933129049988,0.0724663321703808
222,5.224496354921828e-06,2.1468961756878962e-08,0.829619140625,221187,1,1716203084.9130597,0.1473803935881447,2.915597482018452e-11,1.63755119256157e-14,0.15076100902852166,0.09959860157969701,0.10492389909714783,0.07954751450802208,0.1033300766306075,0.04709192141537085,0.0666227207985592,0.08305533648017138,0.056694878344496366,0.06210022012171436,0.07381493296293244,0.0724588890327593
223,5.246346915808042e-06,2.1850560886213353e-08,0.831322265625,216967,1,1747655255.6072686,0.15274899028302955,2.9156085396680965e-11,1.626493542916339e-14,0.1508703425689026,0.09963654475527269,0.10492508874933335,0.07961009028820333,0.10329929024027516,0.04707532474855334,0.06658490685725159,0.08299560423553402,0.05671734365198514,0.062078719660179915,0.07372714308201589,0.07247960116249291
224,5.26780423691281e-06,2.145732110476768e-08,0.8329765625,212953,1,1623455982.2889163,0.13934006524571724,2.915619440901462e-11,1.6155923095511996e-14,0.15101856107145872,0.09970831262134101,0.10488083960945781,0.07969349377702328,0.10323247765449582,0.04707796775494509,0.06653942469119592,0.08297614916386077,0.05671490606916086,0.0620445315650763,0.0736534078652423,0.0724599281567421
225,5.290903107722432e-06,2.3098870809622204e-08,0.8094550781250001,309551,1,1707131740.4867473,0.15773126211403551,2.9156625030613085e-11,1.5725301497043163e-14,0.1510564833112554,0.10045096889545195,0.10425609435359919,0.07863121650608894,0.10408719214556475,0.04592451036456335,0.06595872512613377,0.08389131384201853,0.055696709543698625,0.0623393920968244,0.07424699776325219,0.07346039605154896
226,5.312869777962719e-06,2.196667024028724e-08,0.8116796875,306335,1,1777322900.676217,0.15616746427866102,2.915649257054947e-11,1.585776156065957e-14,0.15119591895663892,0.10051253669570238,0.10424467009961981,0.07867558592810049,0.10399922999181868,0.0459069252610809,0.0659151065980076,0.08387073487655806,0.05572212329756004,0.06232975600365755,0.07415900668944608,0.07346840560180952
227,5.333968926567473e-06,2.1099148604754032e-08,0.81388671875,303065,1,1697548826.6278472,0.14326733982738715,2.915636631230171e-11,1.5984019808421425e-14,0.15134026061289627,0.1005471430971179,0.10422596050010799,0.07877420748242184,0.1039211921960116,0.045897626646828726,0.06590194619759546,0.08383768088118836,0.055705406637709676,0.06235991456888483,0.07408029564925249,0.07340836552998489
228,5.356059601905804e-06,2.2090675338330696e-08,0.815921875,299540,1,1778971922.3082254,0.15719476468686827,2.915623595281454e-11,1.611437929559444e-14,0.15145588770370935,0.10055966219192246,0.10422451598077327,0.07885060993125106,0.10385587621363869,0.04588368218464543,0.0658764051398916,0.08377458396369136,0.0557483866025776,0.062343208410731724,0.07403196154656351,0.07339522013060379
229,5.37713919261196e-06,2.107959070615547e-08,0.8180332031249999,296111,1,1614303823.847116,0.1361154555283156,2.915610963016206e-11,1.624070194807599e-14,0.15158070161615728,0.10063676930900861,0.10422769934556256,0.0788930194134655,0.10376450757223046,0.04589179935678422,0.06585440975281318,0.08375414544699201,0.055759694197926146,0.06234704524237585,0.07395549061320383,0.07333471813348041
230,5.400369020508069e-06,2.3229827896109515e-08,0.8202734375,292221,1,1827205662.2783391,0.16978269226209053,2.915598884880793e-11,1.6361483302203832e-14,0.1517119862850612,0.10070479546645077,0.10421448640411447,0.07900376208390875,0.10367874660698127,0.045883137292252005,0.06581027667984189,0.0837325586932711,0.055790751940568595,0.062333920662888696,0.07386066003143006,0.0732749178532311
231,5.420892161812941e-06,2.0523141304871682e-08,0.822408203125,288742,1,1595747214.5177257,0.13099898228161067,2.915587603512143e-11,1.647429698870429e-14,0.15178128258045515,0.10076637542658874,0.10423370769439029,0.07907417478679468,0.10358773894312863,0.04588753019072702,0.0657724432580574,0.08372894961206251,0.055809800200915284,0.06235973334789929,0.07375680701446066,0.0732414569445203
232,5.444392124500535e-06,2.3499962687594867e-08,0.8245917968750001,284765,1,1834288320.4822054,0.17242282835849154,2.915575418687416e-11,1.659614523597351e-14,0.15190991754916616,0.10082403461940212,0.10426797350014567,0.07910163883171362,0.10351002271483761,0.04585128531873015,0.0657356504520466,0.0836967154676438,0.055834918318959904,0.0623769810346502,0.07369413369778134,0.07319672849492292
233,5.464836020687009e-06,2.044389618647402e-08,0.826671875,281117,1,1834402049.6414833,0.1500093002685026,2.9155653208789444e-11,1.6697123320685424e-14,0.1520332848205341,0.10087748313077663,0.10424896516529002,0.07914122894891033,0.10342204245184945,0.04584932050579318,0.06569074035571852,0.08367512805488876,0.05587162379269282,0.062390137410928595,0.07360084676885856,0.07319919859375885
234,5.485278649393911e-06,2.044262870690153e-08,0.828583984375,277359,1,1793154315.487584,0.14662715154276343,2.915556248380617e-11,1.678784830396627e-14,0.15213030513748277,0.10089926573715041,0.1042888964842599,0.07917545699906892,0.10332952255235896,0.0458330877933221,0.0656711492451118,0.08366117835633553,0.05591947859087535,0.06240644925571912,0.07353000106073286,0.07315520878758236
235,5.50619151767084e-06,2.091286827692976e-08,0.830556640625,273482,1,1834536400.0245514,0.15346167233178545,2.915547626402923e-11,1.687406808089618e-14,0.152269867958471,0.10091359098872414,0.10427870992016366,0.07921080788721795,0.10321579324859786,0.045818292984044495,0.06563510446918835,0.08363884349022328,0.05596538466060741,0.06242519018448188,0.07347293912920785,0.07315547507907207
236,5.526632649282891e-06,2.0441131612050946e-08,0.832546875,269750,1,1720096256.760328,0.14064285587933617,2.915539209378493e-11,1.6958238325200196e-14,0.1523750539571721,0.10091867950378171,0.10428748381284839,0.07927716157123285,0.10314265337912655,0.04584952048495768,0.06558611564664152,0.08357731358970029,0.055988776908207125,0.06245659966593473,0.07340755963440497,0.07313308184599215
237,5.548433754803944e-06,2.1801105521052888e-08,0.834572265625,265647,1,1900299475.1636717,0.16571451751857852,2.915532109935876e-11,1.7029232751374775e-14,0.1524054472140248,0.10099204073943194,0.10429182239217788,0.07939836321468942,0.10306552055810776,0.04583420118370891,0.06553459973180499,0.08359212826555519,0.05597225375086883,0.06243140081581836,0.0733487635179885,0.07313345861582352
238,5.5681674865078745e-06,1.9733731703930582e-08,0.836388671875,261933,1,1727026985.446943,0.13632274870503203,2.915526191984627e-11,1.7088412263866193e-14,0.15250180393292406,0.10100156224094006,0.1043245351223989,0.0794057412938344,0.1029841370662096,0.04584675093582669,0.06550436563443562,0.08357638751047917,0.05601182539330409,0.06243592827235768,0.07329922401694414,0.07310773858034567
239,5.589881102054128e-06,2.1713615546253465e-08,0.838341796875,257738,1,1825726371.6324294,0.15857248210513142,2.915521742847594e-11,1.713290363419063e-14,0.15257984628323673,0.1010411643147862,0.10428883281962392,0.07946769921091439,0.10291894108300657,0.04584244847180189,0.06547756336331718,0.08357038517721226,0.05603276557378194,0.06241161519088788,0.07326824017836549,0.07310049833306541
240,5.610420872187628e-06,2.0539770133500496e-08,0.840115234375,253809,1,1826852064.958245,0.1500924859286123,2.9155181696016246e-11,1.71686360938812e-14,0.15270412587558904,0.10109057769697703,0.10428024429312385,0.0795463791937025,0.10281792629824311,0.04583169626562576,0.06543001215886028,0.08350323965043857,0.05608419603895485,0.06242633195315933,0.07320424327949802,0.07308102729582762
241,5.630947985859997e-06,2.0527113672369035e-08,0.84184765625,250064,1,1689826687.6699138,0.13874905801761267,2.915515568745494e-11,1.7194644655188536e-14,0.15277500661213012,0.1011215100713182,0.10426285189292525,0.07962860709098755,0.1027362618496332,0.045811621572712555,0.06539976706741589,0.08347292274711968,0.05616830539225012,0.06241386830492824,0.07314639952114257,0.07306287787743662
242,5.653139610760719e-06,2.2191624900721856e-08,0.843783203125,245906,1,1826929188.909376,0.16217010912182755,2.9155153866105715e-11,1.7196466004412696e-14,0.1529199082443515,0.10116500045137111,0.10424358300715017,0.07969362316760682,0.10268114449199914,0.04578986475069268,0.06536316857901424,0.08338097806336324,0.05618991845228312,0.06242346944680417,0.07307582803454493,0.07307351331081878
243,5.673665857879463e-06,2.0526247118743786e-08,0.845556640625,241974,1,1690560324.7659137,0.1388034359811556,2.9155162855839976e-11,1.718747627015486e-14,0.1530265057457989,0.10121383611480049,0.10423052491771093,0.07975746376393139,0.10262978575965814,0.04577005254951782,0.06533002252122193,0.08332621123751227,0.05623837847202171,0.0624265172951435,0.07301033666339436,0.07304036495928856
244,5.695847852482461e-06,2.2181994602997972e-08,0.84741015625,237740,1,1850546016.1779497,0.16419520697383472,2.915519244335924e-11,1.7157888750889838e-14,0.1530928334032461,0.10125750794009321,0.10419845392902087,0.07983193277310925,0.10257125340536655,0.04576674334023242,0.06529084480747867,0.08327763359869454,0.05626287816278459,0.062481273365078346,0.07294514075515011,0.07302350451974536
245,5.716112141871736e-06,2.0264289389275026e-08,0.84904296875,233708,1,1708337900.3547847,0.13847301434982337,2.915524314612628e-11,1.710718598384937e-14,0.15318948264360147,0.10126521129028547,0.10418439879459869,0.07991304547859492,0.10253042258057095,0.04573623795173794,0.06524119527961168,0.08323249982747119,0.05629040049688298,0.06249683697177428,0.07288077108877182,0.07303949759609854
246,5.738063302700171e-06,2.195116082843567e-08,0.85069140625,229574,1,1845289190.1341321,0.16202495915043258,2.915530528167539e-11,1.7045050434742597e-14,0.1532209553809631,0.10128020865380642,0.10416389242206478,0.08000385715663272,0.10249475380779421,0.04573715314289388,0.06523416155057697,0.0831974910114475,0.05632367054372133,0.06249741708261203,0.07280842329538932,0.0730380159520978
247,5.7583853206258675e-06,2.0322017925696603e-08,0.8523632812499999,225598,1,1708791081.295043,0.13890433194139337,2.9155383544765296e-11,1.6966787344842025e-14,0.15328933800783667,0.10132673403450883,0.10418413876858916,0.08002566393987305,0.10243349144153434,0.04572076716848835,0.06519557297037189,0.08316262230471347,0.05635984509979148,0.06250085928370111,0.07276185238651726,0.07303911459407438
248,5.78033065988383e-06,2.1945339257962324e-08,0.854017578125,221399,1,1895709303.998224,0.16640793524286665,2.9155477101072823e-11,1.687323103731085e-14,0.15332859165204904,0.1013385720525915,0.10415385002412769,0.08013136439210808,0.1023402712821064,0.04572139496909141,0.0651744854856526,0.0831364620806528,0.05639017785878785,0.06252615738570223,0.07268951669155668,0.07306915612557376
249,5.800112173811577e-06,1.9781513927746765e-08,0.8554472656250001,217513,1,1707856768.715806,0.13513596982779322,2.9155582058182e-11,1.6768273928129482e-14,0.15337371486498516,0.10133587829831342,0.10415786697839442,0.08019836114605618,0.10226284221749862,0.045731742121377476,0.06514775485229081,0.08311852580772576,0.05641465881563235,0.06252440129774949,0.07264109372609814,0.0730931598738781
250,5.82206951864688e-06,2.1957344835303423e-08,0.828923828125,312357,1,1709389947.5883396,0.1501346581487937,2.9156089350191905e-11,1.626098191822879e-14,0.15141290594685788,0.10127494940022479,0.10472445212047814,0.07912414675466355,0.10375133420827551,0.04620307297913098,0.06559710090973567,0.08391198113140862,0.05506480776797853,0.0632078961567733,0.07391690562641226,0.07181044699806084
