step,V_um3,e1_um,e2_um,e3_um,ang_n1,ang_n2,ang_n3,ang_w1,ang_w2,ang_w3,ang_a1,ang_a2,ang_a3
80,0.20037,1.0314,0.6570,0.5760,2.1,40.4,10.3,45.1,12.1,46.3,2.3,36.2,12.2
160,0.25012,1.2010,0.6904,0.5721,4.2,42.4,5.8,43.0,7.7,47.6,0.7,38.3,8.7
240,0.28912,1.3205,0.6726,0.5866,2.7,45.7,2.3,44.2,4.5,46.1,2.2,41.7,5.0
320,0.33887,1.3901,0.7514,0.6226,2.9,44.2,4.4,44.0,6.5,46.5,1.9,40.0,7.0
400,0.38287,1.4674,0.8023,0.6433,2.5,44.3,5.2,44.5,7.4,46.3,2.7,40.1,7.6
480,0.43850,1.5621,0.8235,0.6661,2.0,44.7,4.5,45.0,6.5,45.6,2.9,40.6,6.5
560,0.48687,1.6148,0.8702,0.6974,1.6,44.8,5.1,45.5,7.1,45.2,3.5,40.7,6.8
640,0.54225,1.7092,0.8949,0.7249,1.5,45.4,4.7,45.8,6.7,44.9,3.9,41.2,6.2
720,0.59512,1.7846,0.9386,0.7542,1.1,45.2,5.0,46.1,6.7,44.5,4.0,41.1,6.2
800,0.65887,1.7938,0.9719,0.7814,1.5,45.7,5.4,46.5,7.2,44.3,4.7,41.5,6.5
880,0.71187,1.8564,0.9819,0.8086,1.3,45.6,5.5,46.7,7.2,44.2,4.8,41.4,6.5
960,0.78125,1.9514,1.0351,0.8376,1.2,45.7,5.2,46.7,6.8,44.1,4.7,41.6,6.1
1040,0.84175,1.9815,1.0554,0.8689,1.3,45.8,5.4,46.9,7.0,43.8,5.0,41.6,6.2
1120,0.91412,2.0256,1.1108,0.8941,1.4,45.9,5.6,47.1,7.1,43.7,5.2,41.7,6.2
1200,0.98312,2.0984,1.1209,0.9184,1.7,46.4,5.3,47.2,6.8,43.5,5.4,42.2,5.7
